,2003,Dinosaur Planet
,1997,Character
,1994,Paula Abdul's Get Up & Dance
,2004,The Rise and Fall of ECW
,1997,Sick
,1992,8 Man
,2004,What the #$*! Do We Know!?
,1991,Class of Nuke 'Em High 2
,1947,My Favorite Brunette
,1988,Neil Diamond: Greatest Hits Live
,1996,Screamers
,2005,7 Seconds
,1994,Immortal Beloved
,2000,By Dawn's Early Light
,1972,Seeta Aur Geeta
,2002,Strange Relations
,2000,Chump Change
,1981,My Bloody Valentine
,2004,Never Die Alone
,1962,Sesame Street: Elmo's World: The Street We Live On
,2002,Lilo and Stitch
,2001,Boycott
,2003,Something's Gotta Give
,2004,ABC Primetime: Mel Gibson's The Passion of the Christ
,2000,Aqua Teen Hunger Force: Vol. 1
,2000,Ferngully 2: The Magical Rescue
,1992,Lady Chatterley
,1973,Zatoichi's Conspiracy
,2003,Daydream Obsession
,2000,Love Reinvented
,2004,Pitcher and the Pin-Up
,2002,Searching for Paradise
,2000,Silent Service
,1999,The Love Letter
,1964,Rudolph the Red-Nosed Reindeer
,1952,The Bad and the Beautiful
,2001,Justice League
,1941,A Yank in the R.A.F.
,2002,Jonah: A VeggieTales Movie: Bonus Material
,2002,The Weather Underground
,2003,The Bonesetter
,1952,We're Not Married
,1995,Jade
,1995,Richard III
,1996,Dragonheart
,2003,Sex and the Beauties
,1969,The Libertine
,1999,Ricky Martin: One Night Only
,1991,Ken Burns' America: Empire of the Air
,1943,Crash Dive
,2001,Outside the Law
,2000,Lost in the Pershing Point Hotel
,1989,Barbarian Queen 2
,1997,Vampire Journals
,2004,Invader Zim
,2003,WWE: Armageddon 2003
,1995,Maya Lin: A Strong Clear Vision
,1974,At Home Among Strangers
,1999,6ixtynin9
,1997,Grind
,1952,I Love Lucy: Season 2
,1995,Congo
,1996,Jingle All the Way
,1956,The Killing
,1979,Winter Kills
,1991,Antarctica: IMAX
,1951,The Frogmen
,1983,Silkwood
,2002,The Powerpuff Girls Movie
,1996,Iron Monkey 2
,2002,Louder Than Bombs
,1998,Record of Lodoss War: Chronicles of the Heroic Knight
,2000,Chain of Command
,1951,The Lemon Drop Kid
,2005,WWE: Royal Rumble 2005
,2002,ECW: Cyberslam '99
,2004,They Came Back
,2000,G3: Live in Concert
,1985,Dona Herlinda and Her Son
,2000,Inside the Space Station
,2002,Mostly Martha
,1989,A Fishy Story
,1993,Sam the Iron Bridge
,2004,Notre Musique
,1965,The Great Race
,2002,Obsessed
,2004,Stevie Ray Vaughan and Double Trouble: Live at Montreux 1982 & 1985
,2004,Spartan
,1996,No Way Back
,1989,Scandal
,2000,Bruce Lee: A Warrior's Journey
,1989,Dominion Tank Police Part 1 & 2
,1957,Silk Stockings
,1985,Rambo: First Blood Part II
,1999,Travel the World by Train: Africa
,2000,Chain of Fools
,2000,Cold Blooded
,1981,Nighthawks
,1987,Fatal Beauty
,1985,Mr. Vampire
,2003,Darkwolf
,1999,Drowning on Dry Land
,2003,Viva La Bam: Season 1
,1996,Spirit Lost
,1998,GTO: Great Teacher Onizuka: Set 2
,1998,Naked Lies
,1995,Star Trek: Voyager: Season 1
,2004,Goddess of Mercy
,1997,The Game
,1978,Get Out Your Handkerchiefs
,1988,Cannibal Women in the Avocado Jungle of Death
,1992,Where Sleeping Dogs Lie
,2001,Sweet November
,2001,Firetrap
,2005,Sleepover Nightmare
,1995,A Little Princess
,1975,The Strongest Man in the World
,1992,Husbands and Wives
,2004,A Killer Within
,1971,Gentlemen of Fortune
,2000,Gormenghast
,1939,Ninotchka
,2003,One Last Dance
,1982,Richard Pryor: Live on the Sunset Strip
,1980,Fame
,2004,The Chorus
,1983,Smokey and the Bandit Part 3
,1972,Tomorrow
,1957,Funny Face
,2003,Jack
,1968,The Devil's Brigade
,1992,Reservoir Dogs
,2002,Pressure
,1996,Regular Guys
,2003,Bollywood Bound
,2002,Scratch
,2004,The Last Shot
,2001,Moby: Play
,1985,Missing in Action 2: The Beginning / Missing in Action 3: Braddock
,1950,Panic in the Streets
,2002,Death to Smoochy
,1982,Airplane II: The Sequel
,1989,Blood and Sand
,2003,X2: X-Men United
,2003,The SoulTaker
,2005,Marilyn Manson: Fear of a Satanic Planet
,2004,Chasing Freedom
,2004,Taking Lives
,1978,The Deer Hunter
,1964,The Fall of the Roman Empire
,2001,Home Movie
,2001,Ruby's Bucket of Blood
,1997,Sports Illustrated Swimsuit Edition: 1997
,2002,Venus Boyz
,2004,Unconstitutional: The War on Our Civil Liberties
,2001,Denise Austin: Ultimate Fat Burner
,1996,Star Trek: Deep Space Nine: Season 5
,2001,Onmyoji
,2004,The Agronomist
,1982,Querelle
,1998,That '70s Show: Season 1
,1983,Winston Churchill: The Wilderness Years
,2005,Voyage to the Planets and Beyond
,1998,Yellow
,2004,The Cookout
,1996,Henry: Portrait of a Serial Killer 2
,2001,The Carol Burnett Show: Show Stoppers
,1979,Butch and Sundance: The Early Days
,2003,Peter Gabriel: Growing Up Live
,1987,Unsolved Mysteries: Psychics
,2002,Marooned in Iraq
,1989,Gross Anatomy
,1921,Animation Legend: Winsor McCay
,1996,Unhook the Stars
,1998,Cartoon Crazys Sci-Fi
,1918,Broken Blossoms
,1976,Led Zeppelin: The Song Remains the Same
,2004,Winnie the Pooh: Springtime with Roo
,1942,Woman of the Year
,1959,North by Northwest
,1995,Neon Genesis Evangelion: The End of Evangelion
,1962,Pressure Point
,2002,Road Dogz
,1968,The Boston Strangler
,1994,Oleanna
,1958,The Hunters
,1966,Cast a Giant Shadow
,2002,Stuart Little 2
,1935,A Night at the Opera
,2003,Westender
,2001,The Hunchback of Notre Dame II
,2000,Ghost Dog: The Way of the Samurai
,1973,Charlotte's Web
,1999,Mann
,2004,Animal
,1948,The Big Clock
,1974,Herbie Rides Again
,2001,Dragon Ball: Tournament Saga
,2002,Angelina Ballerina: Lights
,2000,Saudade Do Futuro
,1994,Touched by an Angel: Season 1
,1980,The Final Countdown
,1989,Parenthood
,1943,Saludos Amigos
,1973,Female Yakuza Tale
,2004,Taxi
,2002,Crazy as Hell
,2002,Evelyn
,1998,Cold Harvest
,2003,Enigma: MCMXC A.D
,1990,100 Days Before the Command
,1984,Micki and Maude
,1998,Sarah Brightman: In Concert
,1993,The Legend
,2003,Blue Seed: Beyond
,1996,If These Walls Could Talk
,2005,Sasquatch Hunters
,1997,The Devil's Own
,1966,Thunderbirds Are Go
,1994,Luther Vandross: Always and Forever: An Evening of Songs
,2004,Saturday Night Live: The Best of Chris Kattan
,1998,The Avengers
,2004,Harold and Kumar Go to White Castle
,2005,Saturday Night Live: The Best of Gilda Radner
,2003,Lennon Legend: The Very Best of John Lennon
,2002,Oasis
,1995,Ace Ventura: When Nature Calls
,2000,In His Life: The John Lennon Story
,2003,The Hebrew Hammer
,2001,Bridget Jones's Diary
,2003,Hard Ground
,1959,Les Liaisons Dangereuses
,1997,King of the Hill: Season 1
,2005,Sesame Street: Sing Yourself Silly!
,2002,Godsmack: Smack This!
,1974,The Legend of the 7 Golden Vampires/7 Brothers of Dracula
,1975,The Day of the Locust
,1994,Ed Wood
,2000,High Fidelity
,2000,Pay It Forward
,1985,Saturday Night Live: The Best of Jon Lovitz
,1997,Mandela and de Klerk
,1994,Beyond Suspicion
,1987,Straight to Hell
,1997,Eat Your Heart Out
,2004,Ju-Rei: The Uncanny
,1974,Flesh Gordon
,1999,Modern Vampires
,2004,Ghosts of Rwanda: Frontline
,1937,The Plainsman
,1997,Storefront Hitchcock
,1999,Dogma
,1998,Wild Things
,1997,Chasing Amy
,2002,They Crawl
,2005,The Pacifier
,1981,Fear No Evil
,1978,The Driver
,1983,Star 80
,2004,Tremors 4: The Legend Begins
,2001,Noir
,2000,French and Saunders: Live
,1967,The Taming of the Shrew
,1998,Star Trek: Voyager: Season 5
,2005,Up and Down
,1989,Iceman Cometh
,1988,The Last Temptation of Christ
,1978,The Swarm
,1993,Dr. Quinn
,1969,Guns of the Magnificent Seven
,1997,Pick a Card
,2002,Life or Something Like It
,2005,Look at Me
,2003,House of Sand and Fog
,1979,The Onion Field
,2004,The Phantom of the Opera: Special Edition
,2000,The Flintstones in Viva Rock Vegas
,2002,Stark Raving Mad
,2004,Still
,1986,The Best of Designing Women
,2000,Playing Mona Lisa
,1966,The Trouble with Angels
,1998,Jeans
,2000,Third World Cop
,1976,The Little Girl Who Lives Down the Lane
,2001,Genesis: The Way We Walk: Live in Concert
,2003,Party Monster
,1992,Live Wire
,1991,Out for Justice
,2004,Buried in the Sand: The Deception of America
,1986,Crossroads
,2002,The Santa Clause 2
,1994,Princess Caraboo
,1990,Body Chemistry
,2002,Steal
,1981,The Fan
,1967,The Monkees: Season 2
,1998,The Replacement Killers
,1935,Captain Blood
,1946,A Night in Casablanca
,1976,In the Realm of the Senses
,2001,Fangs
,1970,Rio Lobo
,1989,Halloween 5: The Revenge of Michael Myers
,1999,Pan Tadeusz
,2001,The Shaft
,1987,Wings of Desire
,2005,Hostage
,1972,The Abductors
,1990,Nightbreed
,1966,Godzilla vs. The Sea Monster
,1998,Frank Lloyd Wright
,1999,Vendetta
,1999,Jay Jay the Jet Plane: Adventures in Learning
,2002,Igby Goes Down
,1999,Girl
,2002,Reign in Darkness
,2003,Elephant
,2004,The Deal
,2005,George Lopez: Why You Crying?
,1999,Saturday Night Live: The Best of Dana Carvey
,1964,The Unsinkable Molly Brown
,1963,My Favorite Martian #1
,1998,Happiness
,2000,The 10th Kingdom
,2001,Recess: School's Out
,1990,Graveyard Shift
,1997,Zeus and Roxanne
,2002,Chobits
,2002,Millennium Actress
,1996,Les Miserables in Concert
,1993,Untamed Heart
,1985,Girls Just Want to Have Fun
,2005,Beyblade: Fierce Battle
,1997,Bean: The Movie
,1961,Town Without Pity
,2003,Just 4 Kicks
,1988,Mississippi Burning
,2002,Rabbit-Proof Fence
,2001,The Inner Tour
,1996,Michael Collins
,1995,The Underneath
,1986,The Making of Fanny and Alexander
,2003,Jimmy Buffett: MiniMatinee #1
,2000,Isaac Stern: Life's Virtuoso
,1993,Batman the Animated Series: Vol. 3
,1992,Simple Men
,1995,Xena: Warrior Princess: Season 3
,1999,Cardcaptor Sakura: The Movie
,2004,Kill Bill: Vol. 2
,2001,Blast
,1996,Basquiat
,1971,Pink Narcissus
,2000,Nightwalker #1: Midnight Detective
,1962,The Twilight Zone: Vol. 12
,1987,The Return of Ruben Blades
,1995,Coolie No.1
,1990,Doogie Howser
,1941,Topper Returns
,2003,The Matrix: Revolutions
,2001,Beneath Loch Ness
,1931,City Lights
,1997,Princess Mononoke
,1993,Surf Ninjas
,1990,George Carlin: Personal Favorites
,1962,The Beverly Hillbillies
,1988,George Carlin: What Am I Doing in New Jersey?
,2002,Building the Great Pyramid
,2002,Frida
,2001,Rush Hour 2
,1967,The Avengers '67
,1959,Journey to the Center of the Earth
,2001,His Secret Life
,1998,Return to Paradise
,1999,The Passion of Ayn Rand
,1966,Torn Curtain
,1984,Mrs. Soffel
,1983,Monty Python's The Meaning of Life: Special Edition
,2000,Mission Kashmir
,2004,Primus: Hallucino-Genetics Live 2004
,2003,Broadway's Lost Treasures
,2000,Under Suspicion
,1975,Three Days of the Condor
,2003,Mitch Hedberg: Mitch All Together
,2005,Max and Ruby: Springtime for Max and Ruby
,1964,The Twilight Zone: Vol. 27
,1997,A Thousand Acres
,1966,Nevada Smith
,1979,Saint Jack
,2002,Avenging Angelo
,1995,Butterfly Kiss
,2000,Santana: Supernatural Live
,2005,Avia Vampire Hunter
,2001,Monsoon Wedding
,2001,Two Can Play That Game
,1969,The Prime of Miss Jean Brodie
,1979,From Mao to Mozart: Isaac Stern in China
,1999,Love Songs
,1969,My Side of the Mountain
,1999,Mumford
,1999,The Last Seduction II
,1994,Angie
,1985,Barbarian Queen
,2005,The Hitchhiker's Guide to the Galaxy
,1998,Summer of the Monkeys
,1987,Return to Horror High
,1996,You're Invited to Mary-Kate and Ashley's Vacation Parties
,1988,Young Einstein
,1991,Drop Dead Fred
,2000,With a Friend Like Harry
,1960,The Alamo
,1991,Here is Greenwood
,2003,A Crime of Passion
,1987,Rumpole of the Bailey: Series 4
,2003,Ghosts of the Abyss: Bonus Material
,1998,King Cobra
,1997,The Blackout
,1999,Roughnecks: The Starship Troopers Chronicles: The Pluto Campaign
,2002,Bob the Builder: The Big Game
,2005,The Strip Game
,1992,Kuffs
,1991,Hudson Hawk
,1955,Rage at Dawn
,1995,First Knight
,1994,The Santa Clause
,1994,Radioland Murders
,1995,Rangeela
,1972,Solaris
,1999,New Waterford Girl
,1991,Liebestraum
,1994,Fantastic Four
,2003,Star Trek: Enterprise: Season 3
,1963,High and Low
,2002,Bloody Mallory
,2001,Jimmy Neutron: Boy Genius
,1990,Predator 2
,2002,Tom Petty and the Heartbreakers: Live at the Olympic: The Last DJ
,1996,Bullet
,2003,Dunsmore
,1979,The In-Laws
,2000,The Visit
,1999,American Beauty
,1962,The Masque of the Red Death / The Premature Burial
,1983,Winners & Sinners
,1960,Strangers When We Meet
,1961,The Twilight Zone: Vol. 36
,1963,The Terror
,1973,The Autobiography of Miss Jane Pittman
,1971,THX 1138: Special Edition
,1993,Black Jack: The Movie
,1986,Jo Jo Dancer
,1959,Third Man on the Mountain
,1995,My Family
,1995,Shanghai Triad
,1983,The Scarlet and the Black
,1990,Blue Planet: IMAX
,2000,Northanger Abbey
,2001,Michael McDonald: A Gathering of Friends
,2003,Particles of Truth
,1974,House of Whipcord
,2000,Baby Genius: Mozart and Friends
,2002,By Hook or By Crook
,1999,Alice in Wonderland (TV Version)
,1977,The Brady Bunch Variety Hour
,1989,Sea of Love
,1966,What's Up
,1992,The Smiths: The Complete Picture
,2000,Tokyo Raiders
,2000,The Secrets of the Dead Sea Scrolls
,1968,Quatermass and the Pit
,1994,Speed
,1970,The Lickerish Quartet
,2002,Jimmy Neutron: Attack of the Twonkies
,2004,Spooks & Creeps
,1946,Cloak and Dagger
,1965,The Dr. Who Collection
,1993,Bad Boy Bubby
,1999,An Ideal Husband
,2004,UFC: Ultimate Fighting Championship: Ultimate Knockouts 3
,1994,Totally F***ed Up
,2003,Hot Wheels: World Race
,1997,Armageddon
,1991,Talkin' Dirty After Dark
,2004,My Mother Likes Women
,1941,They Died with Their Boots On
,1971,Beware of a Holy Whore
,2003,Rescue Heroes: The Movie
,1984,Firestarter
,1977,Empire of the Ants
,2005,Unleashed
,1972,Shaft's Big Score!
,1993,Baazigar
,1989,Christmas with The Simpsons
,1980,Stir Crazy
,1985,The Last Dragon
,2002,Jim Brown: All-American
,1992,To Catch a Killer
,1968,Charly
,1990,Mystery Science Theater 3000: The Hellcats
,2002,Buying the Cow
,1994,Cheyenne Warrior
,2004,Dear Frankie
,1987,Matewan
,1960,Cinderfella
,2003,John Mayall & The Bluesbreakers and Friends: 70th Birthday Concert
,1999,Ricky Martin: The Ricky Martin Video Collection
,2002,Elvira's Haunted Hills
,1997,The Rainbow Fish / Dazzle the Dinosaur
,1996,Marvin's Room
,2000,American Tragedy
,1975,Return of the Chinese Boxer
,2004,Veronica 2030
,1991,Robin Hood: Prince of Thieves
,1972,The Last House on the Left
,2000,Saving Grace
,2002,Who is Cletis Tout?
,1995,Rob Roy
,1997,Office Killer
,1976,Lipstick
,2000,The Man Who Came to Dinner
,1965,Gilligan's Island: Season 2
,2004,Saturday Night Live: The Best of Will Ferrell 2
,2002,He Loves Me
,1989,The Winter People
,1991,He Said
,1999,Fight Club: Bonus Material
,1988,Hellbound: Hellraiser II
,1998,Mafia!
,2001,In the Mood for Love
,1965,Loves of a Blonde
,2000,Better Than Sex
,1986,Police Academy 3: Back in Training
,1998,The Mighty
,1951,Cavalry Charge
,1995,Visitors of the Night
,1999,Running Out of Time
,2000,Bedazzled
,2003,Peter Jennings Reports: The Kennedy Assassination: Beyond Conspiracy
,2003,The History Channel Presents: The Alamo
,1998,One True Thing
,2004,Baby Einstein: Baby Da Vinci
,1999,Angel's Dance
,1992,The Hand that Rocks the Cradle
,1996,The Quest
,2000,When Dinosaurs Roamed America
,2004,Koma
,1996,Last Man Standing
,1997,Todd McFarlane's Spawn
,2002,Nine Lives
,1996,For the Moment
,2004,Japan: Memoirs of a Secret Empire
,1998,A Change of Heart
,1989,Major League
,1991,Mobsters
,2003,The Return
,2000,The Perfect Storm
,1998,Africans in America: America's Journey Through Slavery
,1994,Dolores Claiborne
,1987,Cause Celebre
,1988,Whisper Kill
,1958,The Bravados
,2004,Testosterone
,2003,44 Minutes
,1997,City of Industry
,1989,Roger & Me
,1994,Royal Deceit
,1991,Curly Sue
,1992,Yu Yu Hakusho
,2004,Woman Thou Art Loosed
,1990,The Haunting of Morella
,1977,Abigail's Party
,2000,Fast Food
,1997,Mr. Magoo
,1988,Dead Ringers
,1992,Indochine
,2003,Hillary & Tenzing: Climbing to the Roof of World
,2002,The Last Man
,1999,A Slipping Down Life
,2001,Treading Water
,1988,The House on Carroll Street
,1988,Ken Burns' America: The Congress
,2002,Sherlock: Case of Evil
,1994,Widows' Peak
,1998,Hot War
,1979,Fantasy Mission Force
,2001,Domestic Disturbance
,1996,Saber Marionette J
,2002,I Can Do Bad All By Myself
,1990,Ernest Goes to Jail
,2004,The Librarian: Quest for the Spear
,1998,Halloween: H2O
,1993,Star Trek: The Next Generation: Season 7
,1964,Mary Poppins: Bonus Material
,1984,The Lonely Guy
,1989,Music Box
,1984,Sherlock Hound
,2004,Mean Girls
,2001,Fifteen Minutes
,2005,Pooh's Heffalump Movie
,2000,O Fantasma
,2004,End of the Century: The Story of the Ramones
,1972,The Poseidon Adventure
,1994,Grief
,1959,A Hole in the Head
,2001,Edges of the Lord
,1995,The Star Maker
,1958,The Crawling Eye
,1996,A Perfect Candidate
,1998,Gloria Estefan: Don't Stop!
,2001,He Died with a Felafel in His Hand
,1999,Man Ray: Prophet of the Avant Garde
,1944,Sherlock Holmes and the Spider Woman
,2003,A Touch of Frost: Seasons 7 & 8
,2000,Loving Jezebel
,2003,Churchill
,2004,Care Bears: Journey to Joke-a-Lot
,1998,Soldier of Fortune
,2001,For Love or Country
,1981,American Pop
,1966,Tokyo Drifter
,1972,La Vallee
,1994,Clerks
,1991,Boyz N the Hood
,2000,A Single Girl
,2000,Don Henley: Live Inside Job
,2004,By Brakhage: An Anthology
,1992,A Stranger Among Us
,1997,Landmarks of Early Film
,1959,Look Back in Anger
,1975,Jaws
,2003,Teen Titans: Season 1
,1971,Dracula Vs. Frankenstein
,2001,We Know Where You Live. Live!
,1928,Spies
,2001,Soul Assassin
,1944,Sherlock Holmes: The Scarlet Claw
,1960,Eyes Without a Face
,1959,The Mouse That Roared
,1998,Dead Man on Campus
,2002,Left Behind II: Tribulation Force
,1958,The Matchmaker
,1992,The Lawnmower Man
,2001,The Saddle Club: Horse Crazy
,2000,Ruin Explorers
,1959,Tiger Bay
,2001,Marlene Dietrich: Her Own Song
,1980,My Bodyguard
,1976,Logan's Run
,1998,The Faculty
,2005,Predator Island
,1972,Slaughter
,2001,Star Trek: Enterprise: Season 1
,1988,Sleepaway Camp II: Unhappy Campers
,1977,A Piece of the Action
,1983,Bill Cosby: Himself
,1994,C'est La Vie
,1991,Atlantis
,1995,Serial Mom
,1994,Return to a Better Tomorrow
,1987,Mannequin
,2003,Tupac: Resurrection
,1996,White Squall
,1999,Niagara: Miracles
,1994,Cirque du Soleil: A Baroque Odyssey
,1991,Incident at Oglala: The Leonard Peltier Story
,1972,All in the Family: Season 3
,2003,Gang of Roses
,1945,The Thin Man Goes Home
,1941,The Lady Eve
,1994,There Goes My Baby
,1942,Reap the Wild Wind
,1999,Mansfield Park
,2001,La Cienaga
,2004,If We Had No Moon
,2004,Enduring Love
,2001,Shania Twain: The Platinum Collection
,1994,La Separation
,1990,Mr. & Mrs. Bridge
,2002,Stoked: The Rise and Fall of Gator
,1990,Back to the Future Part III
,1989,Disorganized Crime
,1993,Dragonball: The Magic Begins
,2000,Devil in the Flesh 2
,1963,The Three Stooges Go Around the World in a Daze
,2002,Sports Illustrated Swimsuit Edition: 2002
,1982,Creepshow
,2001,Crime Partners
,2003,Rush: Rush in Rio
,2002,Tuck Everlasting
,2001,Laughing Out Loud: Vol. 1
,2005,Elvis by the Presleys
,1975,Starsky & Hutch: Season 1
,2003,My Dream Girl
,2005,H.G. Wells and the War of the Worlds: A Documentary
,1984,The Jewel in the Crown
,1954,Seven Samurai
,2003,Boys Life 4: Four Play
,2004,Elvis Costello & the Imposters: Live in Memphis
,1998,Zakhm
,2001,Super Gals
,1999,A Love Divided
,1976,Mikey and Nicky
,1996,Gloria Estefan: Evolution Tour: Live in Miami
,1992,Deep Cover
,1991,Cup Final
,2003,The Maldonado Miracle
,2004,Ray
,2001,Discovering Australia
,1965,The Bedford Incident
,2003,Blue's Clues: Classic Clues
,1999,The Muse
,1975,Dersu Uzala
,1995,Dangerous Minds
,2004,Bride and Prejudice
,2000,The Body
,1994,Eat Drink Man Woman
,1950,Diary of a Country Priest
,2004,Fascination
,2000,Hamlet
,2004,Gargoyles
,2005,Remedy
,1930,Animal Crackers
,1981,Sense and Sensibility
,1990,Too Young to Die
,1940,Santa Fe Trail
,1939,Buck Rogers
,2002,Angelina Ballerina: Friends Forever
,2001,Haven
,1964,A Hard Day's Night: Collector's Series
,2002,Comedian
,1952,Don't Bother to Knock
,2004,Gojoe: Spirit War Chronicle
,1981,Taxi Zum Klo
,1936,Dodsworth
,2002,Fear Of A Punk Planet
,1997,The Night That Never Happened
,2002,Journeys with George
,1987,Back to the Beach
,1998,Another Day in Paradise
,1992,Where Are We?
,1954,River of No Return
,2003,Read Or Die
,1990,A Dangerous Man: Lawrence After Arabia
,1998,Fallen
,2002,Scarecrow
,1997,Hercules
,1994,The Pagemaster
,2004,Dave Chappelle: For What It's Worth
,1975,Brother
,1952,The Duel at Silver Creek
,2002,Sex and the Teenage Mind
,1965,The Cincinnati Kid
,2002,Aap Mujhe Achche Lagne Lage
,1997,Henry Fool
,1998,Explosive Dance
,2001,Richard Rodgers: The Sweetest Sounds
,1940,My Favorite Wife
,1966,Fahrenheit 451
,2003,I Capture the Castle
,1997,Rhyme & Reason
,1994,Blankman
,1960,The Unforgiven
,1957,Love in the Afternoon
,2002,I Spy
,1951,A Streetcar Named Desire
,2001,The Tick: The Entire Series
,1996,Young and Dangerous 2
,2004,Main Hoon Na
,1993,Dottie Gets Spanked
,1995,Stripteaser
,2004,Yesterday Once More
,2002,Unprecedented: The 2000 Presidential Election
,2003,Ben Harper: Live at the Hollywood Bowl
,1994,Dr. Martin Luther King
,1941,The Devil and Daniel Webster
,1997,Convict 762
,2003,Tom and Jerry: Paws for a Holiday
,2000,Our Lady of the Assassins
,2000,Yi Yi
,1990,A Moment of Romance
,1994,The Swan Princess
,1989,How I Got into College
,2001,Dil Chahta Hai
,1997,Wishful Thinking
,1958,The Young Lions
,1999,The Mummy
,2002,The Trip
,1978,Rescue from Gilligan's Island
,1951,Operation Pacific
,2004,The Door in the Floor
,1941,Meet John Doe
,1972,The Cowboys
,1994,The Shadow
,1984,Children of the Corn
,2004,Dark Town
,1961,Yojimbo
,1963,Miracle of the White Stallions
,1994,The Favor
,2002,Jim Breuer: Hardcore
,2001,Blow Dry
,2001,The Cazalets
,2003,Bookies
,2003,Only the Strong Survive
,1996,America's Dream
,1996,Ken Burns' The West
,1997,Judaai
,2004,Sesame Street: Sing
,1983,All the Right Moves
,1960,13 Ghosts
,2005,My Scene Goes Hollywood: The Movie
,1993,Pretty Boy
,1996,Dr. Quinn
,1976,The Killer Inside Me
,1955,I Love Lucy: Season 5
,1960,Le Petit Soldat
,2001,Diamond Hunters
,1984,Cloak & Dagger
,1993,The Snapper
,1997,Sesame Street: Elmo Saves Christmas
,1976,The Return of a Man Called Horse
,2004,The Eye 2
,1985,Silver Bullet
,1993,Rising Sun
,2003,The Educational Archives: Vol. 1: Sex & Drugs
,1995,Tromeo and Juliet
,1974,Frank Sinatra: The Main Event
,1992,Hard Boiled
,2000,The New Eve
,1994,Disclosure
,1999,Coral Sea Dreaming
,1978,Attack of the Killer Tomatoes
,2000,Boogiepop Phantom
,1997,Lawn Dogs
,2004,Thomas & Friends: Thomas's Snowy Surprise
,1996,Forgotten Silver
,1987,Outrageous Fortune
,1968,The Party
,1988,For Keeps
,2003,Uptown Girls
,2000,Aimee and Jaguar
,1997,Year of the Horse: Neil Young & Crazy Horse Live
,1991,The Object of Beauty
,1994,Blue Chips
,1997,Mysteries of Magic: Vol. 1
,1986,Odin: Photon Space Sailer Starlight
,1977,The Duellists
,1962,The War Lover
,1989,Doctor Who: Ghost Light
,1972,Play it Again
,2005,King's Ransom
,1974,California Split
,2001,Jackpot
,1978,Superman: The Movie
,1956,Earth vs. The Flying Saucers
,1998,Ringu
,2000,Bangkok Dangerous
,2000,As Time Goes By: Series 8
,2005,Coach Carter
,1946,The Postman Always Rings Twice
,2001,Tape
,2004,American Chopper: Season 2
,1945,Leave Her to Heaven
,2000,After the Storm
,1991,The Gambler Returns: The Luck of the Draw
,2002,Hysterical Blindness
,2002,Back by Midnight
,1997,Flood: A River's Rampage
,1962,Tales of Terror
,2001,Walking with Prehistoric Beasts
,2003,Bright Leaves
,1994,Monkey Trouble
,1980,Hammer House of Horror
,2000,The Land Before Time VII: Stone of Cold Fire
,1980,The Leg Fighters
,2002,Nicholas Nickleby
,2004,Vendetta: No Conscience
,1989,Harlem Nights
,1965,The Battle of Algiers
,1983,Confidentially Yours
,2000,Dr. T & the Women
,1976,The Slipper and the Rose
,2001,Training Day
,1997,Jane Eyre
,1983,Krull
,1993,RoboCop 3
,1998,Virtual Girl
,2003,Secondhand Lions
,1972,Cries and Whispers
,1957,The Delicate Delinquent
,1998,Lost Universe
,1991,Hammers Over the Anvil
,1984,Runaway
,1991,Vegas in Space
,1980,Moscow Does Not Believe in Tears
,1982,Quest for Fire
,2001,MVP 2:  Most Vertical Primate
,1993,Dragon: The Bruce Lee Story
,1932,Rain
,2003,Uncovered: The Whole Truth About the Iraq War
,1973,Clive Barker's Salome / The Forbidden
,1971,Sweet Sweetback's Baadasssss Song
,1935,Mutiny on the Bounty
,1991,Impromptu
,1994,Romeo is Bleeding
,2003,Malibu Spring Break
,2005,Empire Falls
,1996,Paradise Lost: The Child Murders at Robin Hood Hills
,1993,Naked
,2004,Artie Lange: It's the Whiskey Talkin'
,2003,Freddy vs. Jason
,2003,Wolf's Rain
,1996,To Gillian on her 37th Birthday
,2004,Kyun! Ho Gaya Na
,1981,Polyester
,1943,Phantom of the Opera
,1991,Fried Green Tomatoes
,2001,The Wedding Planner
,1983,Fearless Hyena 1 / Fearless Hyena 2
,1983,To the Lighthouse
,1981,For Your Eyes Only
,2001,Electric Light Orchestra: Zoom Tour Live
,2001,Valentine
,2004,Being Ron Jeremy
,1997,Chinese Box
,2004,I Do (But I Don't)
,1961,Rocky & Bullwinkle: The Best of Fractured Fairy Tales: Vol. 1
,1999,In Too Deep
,2000,Take Me Home: The John Denver Story
,2003,Onmyoji 2
,1984,2010: The Year We Make Contact
,1980,Return of the Secaucus 7
,1999,Witness Protection
,1997,Truth or Consequences
,2001,RoboCop: Crash and Burn
,1998,Krippendorf's Tribe
,1999,Walking with Dinosaurs
,1993,The Sandlot
,1984,Repo Man
,2001,The Devil's Backbone
,1932,Boudu Saved from Drowning
,1997,The Education of Little Tree
,2001,A Beautiful Mind
,1978,Gray Lady Down
,1980,Night of the Hunted
,2004,The Wizard of Oz
,1998,Mischievous
,1939,Jamaica Inn
,1971,The Abominable Dr. Phibes
,2002,A Little Inside
,1996,The Late Shift
,1997,Most Wanted
,1998,Beloved
,1997,Fall
,1988,Madonna: The Girlie Show: Live Down Under
,2004,Secrets of Lost Empires 2: Medieval Siege
,1971,The Cat O'Nine Tails
,1975,Queen of the Stardust Ballroom
,1999,Teaching Mrs. Tingle
,1991,True Colors
,1983,National Lampoon's Vacation
,1990,Iron & Silk
,1994,Dragstrip Girl
,2005,Bratz: Rock Angelz
,1962,Experiment in Terror
,1963,The Twilight Zone: Vol. 15
,1976,Swashbuckler
,2004,Modigliani
,1999,VeggieTales: Madame Blueberry
,1972,Bawarchi
,1987,Walk Like a Man
,1993,Fire in the Sky
,1972,Frenzy
,2003,Blind Shaft
,2004,Man on Fire
,1980,Seems Like Old Times
,1979,Little House on the Prairie: Season 6
,1999,Hard
,1947,The Ghost and Mrs. Muir
,2000,Jim Breuer: Heavy Metal Comedy
,1971,Summer of '42
,2005,The Horror Within
,2004,The Carol Burnett Show: Let's Bump Up the Lights!
,1994,Speechless
,2005,Carlos Mencia: Not for the Easily Offended: Live in San Jose
,1927,It
,2002,Repli-Kate
,1994,Crooklyn
,2002,Ali G Indahouse
,1999,The Stars of Star Wars
,1984,The Pope of Greenwich Village
,1973,The Arena
,1950,Destination Moon
,1945,The Story of G.I. Joe
,2002,Sex with Strangers
,1994,Threesome
,2002,The Real Eve
,1996,Brassed Off
,2002,Frankenthumb
,1975,The Story of O
,1949,The Barkleys of Broadway
,1957,Designing Woman
,1985,Better Off Dead
,1994,The Best of Friends: Vol. 4
,1942,Wake Island
,2002,David Gilmour in Concert
,1999,Journey to the Center of the Earth
,2005,Mojados: Through the Night
,1982,Dead Men Don't Wear Plaid
,1979,Snake & Crane Arts of Shaolin
,2000,The Closet
,1971,Women in Cages
,2003,Ghosts of the Abyss
,2001,Dr. Dolittle 2
,1991,29th Street
,2000,The Great Gatsby
,1939,Drums Along the Mohawk
,1953,Island in the Sky
,1999,The Thrill Seekers
,1984,At Close Range
,1978,Challenge of the Superfriends: Attack of the Legion of Doom
,1988,Red Dwarf: Series 3
,1990,The Field
,1969,The Hee Haw Collection
,1989,Campion: Look to the Lady
,1986,Royal Warriors
,2001,Phase IV
,1997,Welcome Back
,2004,10 Minute Solution: Pilates
,1990,Look Who's Talking Too
,2000,Hitler's Lost Sub: Nova
,1960,The Twilight Zone: Vol. 19
,2002,Ararat
,1996,Children of the Corn 4: The Gathering
,2004,The Gunman
,1983,Strange Brew
,1994,No Ordinary Love
,1999,Agnes Browne
,2000,Hellraiser V: Inferno
,1972,Scooby-Doo Meets Batman
,2000,Chasing Sleep
,1983,The Indomitable Teddy Roosevelt
,2001,Horse Crazy
,2003,Moon Child
,2003,Thirteen
,2005,Baby Einstein: Baby Monet: Discovering the Seasons
,2003,S.W.A.T.
,1959,No Name on the Bullet
,1982,Jammin' with the Blues Greats
,2002,Revelation
,1990,The Prisoner
,2004,The Wiggles: Wiggle Time
,1990,Presumed Innocent
,2001,Guns and Talks
,2003,Voices of a Distant Star
,1961,King of Kings
,1985,Baby: Secret of the Lost Legend
,1986,Nomads
,1965,Baby the Rain Must Fall
,2001,Yosemite: The World's Most Spectacular Valley
,1997,Afterglow
,1994,The Professional
,2000,Por La Libre
,1937,You Only Live Once
,1998,He Got Game
,1993,Happily Ever After
,1954,Sherlock Holmes
,1980,Mother's Day
,1999,Freeway 2: Confessions of a Trickbaby
,2002,Paul McCartney: Back in the U.S.
,1994,Wolf
,2004,Voltage Fighter Gowcaizer
,1964,The Patsy
,1993,Strapped
,1999,Strange Planet
,2003,Apollo 11: Men on the Moon
,1996,Tierra
,1967,The Gnome-Mobile
,2000,Angel Sanctuary
,2000,The Last Stop
,2002,Yes: Symphonic Live
,2003,Homeless to Harvard
,1958,Mon Oncle
,1968,Targets
,2004,Family Business: Season 2
,1980,Too Close for Comfort: Season 1
,1975,Funny Lady
,2003,Emmanuelle in Rio
,2002,Play'd: A Hip-Hop Story
,2003,NHL Stanley Cup 2003
,1993,Leprechaun
,2003,Normal
,1998,Kurt & Courtney
,2001,Tempted
,1993,The Piano
,1976,Marathon Man
,1994,Death Machine
,2002,Liberty Stands Still
,1993,The Program
,2002,Food of Love
,1991,Mobile Suit Gundam: F91: The Motion Picture
,1995,Mouth to Mouth
,1998,God.com
,1973,Walking Tall
,1972,Greaser's Palace
,1999,The Girl Next Door
,1983,Spring Symphony
,2003,Baby Neptune: Discovering Water
,2005,Ben Franklin
,1993,Yanni: Live at the Acropolis
,2002,Live From Baghdad
,1998,Mr. Murder
,1999,Bringing Out the Dead
,1963,Charade
,2004,Kaleido Star
,1999,Dangerous Evidence: The Lori Jackson Story
,1984,1984
,2000,Britney Spears: Britney in Hawaii: Live and More
,1992,Passion Fish
,1985,Ray Bradbury Theater
,1991,Hook
,1921,Orphans of the Storm
,1999,The Limey
,2003,The O.C.: Season 1
,2001,China: The Panda Adventure: IMAX
,2001,Sordid Lives
,1998,The Life and Times of Hank Greenberg
,2003,Manhood
,2002,Shakedown
,1975,Madame Bovary
,2000,Uncle Saddam
,1981,My Dinner with Andre
,1999,Blind Date: Freaks & Weirdos Uncensored
,2000,Beautiful Joe
,1987,No Way Out
,1994,Go Fish
,1998,Sweepers
,2003,The Recruit
,2001,The House Next Door
,1998,Legalese
,1999,Ride with the Devil
,1992,Are You Being Served? Again: The Complete Series
,2001,Wallace & Gromit in Three Amazing Adventures
,1939,Seabiscuit: The Lost Documentary
,1982,The Marx Brothers in a Nutshell
,1999,Children of the Corn 666: Isaac's Return
,2002,The Three Pickers
,2001,Sade: Life Promise Pride Love
,1987,21 Jump Street: Season 2
,2001,Pride FC: The Return of the Warriors
,2005,Street Fighter Alpha: Generations
,1997,Waco: The Rules of Engagement
,2000,Gangster No. 1
,1999,Blue Submarine 6
,1996,The Gingko Bed
,1993,Geronimo: An American Legend
,1976,The Big Bus
,2001,Perfume
,1996,Van Halen: Video Hits: Vol. 1
,2003,Belly of the Beast
,1995,Nina Takes a Lover
,1973,The White Seal / A Cricket in Times Square
,1936,Popeye
,2001,Dark Asylum
,1996,Soul of the Game
,2002,Gravion
,2004,Funny Ladies of British Comedy
,1982,Britannia Hospital
,2001,Hysteria: The Def Leppard Story
,1969,Midnight Cowboy
,1968,The Diamond Arm
,2002,Bend It Like Beckham
,2004,Voices of Iraq
,2004,The Stink of Flesh
,2004,Sesame Street: Learning About Letters
,1990,Brain Dead
,2004,Six Feet Under: Season 4
,1969,Aradhana
,2002,Colin's Sleazy Friends Rocks
,2002,Man on the Train
,2001,Porn Star: The Legend of Ron Jeremy
,2003,Beyond Borders
,2003,Interstella 5555 (Daft Punk)
,1958,Fiend Without a Face
,2002,Leaving Metropolis
,2003,Infernal Affairs III
,2002,American Adobo
,2001,Knight Hunters Eternity
,2004,Dream Theater: Live at Budokan
,1984,Rhinestone
,2003,Red Water
,2001,Johnny Winter: Pieces and Bits
,2000,FLCL
,1980,Forbidden Zone
,1999,Superstar
,1997,The Boxer
,2001,Light of My Eyes
,1964,Hamlet
,2004,Paranoia Agent
,1999,The Hunchback of Notre Dame
,2000,Hand Maid May
,2002,National Lampoon's Van Wilder
,2002,Faith Hill: When the Lights Go Down
,2000,On the Beach
,1962,The Twilight Zone: Vol. 42
,1987,Amazon Women on the Moon
,2001,Jane Doe
,2000,Peril
,1999,Celebrities: Caught on Camera
,1995,Casper
,2003,Suze Orman: The Laws of Money
,1955,The Trouble With Harry
,1968,Teorema
,1985,American Ninja
,2001,Monkeybone
,1982,The Pirate Movie
,2003,Hawaiian Paradise
,1992,Radio Flyer
,2002,Rose Red
,1996,The Crucible
,1992,Mo' Money
,1993,Darr
,2005,Thomas & Friends: Thomas' Sodor Celebration
,2005,Pooh's Heffalump Halloween Movie
,1988,Fresh Horses
,2002,Yes Nurse! No Nurse!
,1999,Century of the Dragon
,1975,The Devil's Rain
,2000,Battle Queen 2020
,1993,Sleepless in Seattle
,1995,Nick of Time
,1976,The Duchess & The Dirtwater Fox
,1998,The Dimension Travelers
,2003,Second Nature
,1939,The Women
,2004,Call Me: The Rise and Fall of Heidi Fleiss
,2004,Spider-Man 2: Bonus Material
,1995,Persuasion
,1979,The 5th Musketeer
,1953,The Little Fugitive
,1932,A Farewell to Arms
,2002,Dolls
,1990,Rocky V
,1998,AFI's 100 Years
,2004,Disney Princess Stories: Vol. 1: A Gift From the Heart
,2003,American Wedding
,2005,Chupacabra Terror
,1992,To Grandmother's House We Go
,1966,The Rare Breed
,2004,Sarah Brightman Special: Harem: A Desert Fantasy
,1996,Once a Thief
,2000,The Bogus Witch Project
,1999,School's Out
,1982,Poltergeist
,1999,The Omega Code
,1965,Dr. Goldfoot and the Bikini Machine
,2003,Muddy Waters Can't Be Satisfied
,2004,Phir Milenge
,1995,Nine Months
,2004,Shaolin Ulysses: Kung Fu Monks in America
,1987,City on Fire
,1997,Twilight of the Golds
,1990,Stephen King's It!
,2004,Moog
,1988,Rammstein: Live Aus Berlin
,2001,Joy Ride
,1962,Harakiri
,1997,Revolutionary Girl Utena
,1988,Shoot to Kill
,2001,Life as a House
,1992,Once Upon a Crime
,1962,Damn the Defiant
,1949,The Third Man
,1954,The High and the Mighty
,2001,Cracking the Code of Life: Nova
,2000,Fantasia 2000
,1995,Poison Ivy 2
,2004,J.R.R. Tolkien and the Birth of The Lord of the Rings
,2000,Dungeons & Dragons
,1980,Eaten Alive
,2004,Tae Guk Gi: The Brotherhood of War
,1997,The River
,2004,Superbabies: Baby Geniuses 2
,1993,Silverlake Life: The View From Here: 10th Anniversary Edition
,1999,Get Real
,1984,Dead Kennedys: DMPO's On Broadway
,1967,Tony Rome
,1997,First Degree
,1995,The American President
,1961,The Flintstones: Season 2
,2004,Renegade
,1985,The Journey of Natty Gann
,2001,The Saddle Club: The First Adventure
,2004,Zhou Yu's Train
,1998,The Minion
,1940,The Shop Around the Corner
,1982,The Barchester Chronicles
,1997,Sesame Street: 1-2-3
,1976,The New Avengers: Season 1
,1970,On a Clear Day You Can See Forever
,2004,Mean Creek
,1988,The Serpent and the Rainbow
,1972,Snowball Express
,1997,Striking Resemblance
,1989,The Lady and the Highwayman
,2002,Trapped
,1966,The Fortune Cookie
,2002,Stakes
,2002,Revenge
,2003,Rules: Pyaar Ka Superhit Formula
,2003,Tom Dowd and the Language of Music
,2003,The In-Laws
,1983,The Dead Zone
,2002,Eric Clapton: One More Car
,1990,The Death of the Incredible Hulk
,1978,Shalimar
,1977,The People That Time Forgot
,1961,The Twilight Zone: Vol. 37
,2005,Spike & Mike's Sick & Twisted Festival of Animation: Caught in the Act
,1996,I Love You
,1988,Talk Radio
,1998,Two Girls and a Guy
,1995,Forbidden Games
,1993,Grumpy Old Men
,2000,SpongeBob SquarePants: Season 2
,1976,The Bad News Bears
,1954,Beat the Devil
,1999,Hearst Castle: Building the Dream
,1998,The King of Queens: Season 2
,1998,Orgazmo
,1995,The Brady Bunch Movie
,1982,Friday the 13th: Part 3
,2003,Slayer: Still Reigning
,2001,Schlock!: The Secret History of American Movies
,2000,El Grito
,2002,Mujhse Dosti Karoge
,1991,Defending Your Life
,2003,Kiss Me
,2000,MTV Cribs: Hip-Hop
,1963,The Sadist
,1989,Let It Ride
,2000,The Clash: Westway to the World
,2003,Into the Perilous Night: PTU
,2003,The Tesseract
,1997,Absolute Power
,2003,What Alice Found
,1996,First Option
,1998,Riding the Rails: American Experience
,2003,Eloise at the Plaza
,1993,To Sleep With a Vampire
,2003,Concert for George
,2000,Savage Garden: Superstars and Cannonballs
,2002,Lupin the 3rd
,1989,Lonesome Dove
,1998,Sphere
,1999,A Lesson Before Dying
,1985,Target
,1999,Backstreet Boys: Backstreet Stories
,2002,Wire in the Blood: The Mermaids Singing
,1999,Escape from Alaska
,2004,How the West Was Fun
,1996,Bottle Rocket
,1995,Out-of-Sync
,1991,Superstar: The Life and Times of Andy Warhol
,1998,Ever After: A Cinderella Story
,2004,The Three Musketeers
,2004,Agatha Christie's Marple: Series 1
,2004,Strings
,2004,Outfoxed: Rupert Murdoch's War on Journalism
,1936,Modern Times
,1981,Clash of the Titans
,2005,Dora the Explorer: Super Babies
,2002,13 Moons
,2001,Jodi No. 1
,2005,Confessions of an American Bride
,1983,The Hound of the Baskervilles
,1994,Clifford
,2004,The Life Aquatic with Steve Zissou
,2002,Waking Up in Reno
,1944,Henry V
,2000,Spiders
,1957,The Real McCoys
,2003,Ben & Arthur
,2004,Adored: Diary of a Porn Star
,1999,Roughnecks: The Starship Troopers Chronicles: The Zephyr Campaign
,1986,Reform School Girls
,2001,Tom and Jerry: The Magic Ring
,1974,Amarcord
,1995,One Man's Justice
,1952,The Importance of Being Earnest
,2001,Say Nothing
,2003,High Life
,1979,The Warriors
,1984,Beverly Hills Cop
,2001,Love Me
,1969,Hello Down There
,2004,Happily Ever After: Fairy Tales for Every Child
,1947,Angel and the Badman
,2000,It's Me
,2004,Making Marines
,1984,Sixteen Candles
,1974,Murder on the Orient Express
,1978,The Lord of the Rings
,2005,Thomas & Friends: Hooray for Thomas
,1990,Into the Woods
,1991,Switch
,1991,Lamhe
,2000,Diary of Lust
,2000,Finest Hour: The Battle of Britain
,1996,First Kid
,1978,All Creatures Great and Small: Series 1
,1925,The Gold Rush: Bonus Material
,2005,Hellraiser: Hellworld
,1988,The Incredible Hulk Returns
,1995,Trainspotting
,2004,A Dirty Shame
,1964,Flipper's New Adventure
,2001,Do You Believe in Miracles?
,1995,Once Upon a Time When We Were Colored
,2000,Digimon: The Movie
,1992,Tito and Me
,1940,Road to Singapore
,1998,Behind the Planet of the Apes
,2002,Derrida
,1982,The Best Little Whorehouse in Texas
,1936,Camille
,2002,Kirk Franklin: The Rebirth of Kirk Franklin: Live
,1990,Side Out
,2004,Earthsea
,1966,Born Free
,1999,Trailer: The Movie
,1998,Psycho
,1999,The Rage: Carrie 2
,2003,La Petite Lili
,1958,The Horse's Mouth
,1987,Lethal Weapon
,1990,Die Hard 2: Die Harder
,2002,An Evening With Kevin Smith
,1965,That Darn Cat
,1980,The Hollywood Knights
,1997,Alien: Resurrection: Collector's Edition
,2002,The Twilight Samurai
,1994,Race to Freedom: The Story of the Underground Railroad
,2002,Sonny
,2001,Millennium Mambo
,1998,U.S. Marshals
,2000,An Evening With Edgar Allan Poe
,1996,George Winston: Seasons in Concert: Windham Hill
,1986,An Evening with the Alvin Ailey American Dance Theater
,1998,Dance with Me
,1979,Camera Buff
,2003,Northfork
,2004,Men's Mix 1: Gay Shorts Collection
,1998,Species II
,2000,More Barney Songs
,1970,Le Cercle Rouge
,1996,Good Luck
,1980,Sun Ra: A Joyful Noise
,1930,L'Age D'Or
,1996,Terminal
,1999,A Dog of Flanders
,1972,Boxcar Bertha
,1999,Jealousy
,1968,Rosemary's Baby
,2003,Alex and Emma
,1994,Farinelli
,1987,Tin Men
,1933,The Testament of Dr. Mabuse
,2001,The Caveman's Valentine
,1950,The Asphalt Jungle
,1996,Yoga for Meditation
,1994,Beverly Hills Cop III
,1989,Casualties of War
,1956,Samurai Trilogy 3: Duel at Ganryu Island
,2002,Michael Colyar: The Michael Colyar Project
,1974,Promised Land
,1958,I Want to Live!
,1988,The Greatest Lover
,1974,Death Wish
,2001,Crazy/Beautiful
,1960,The Twilight Zone: Vol. 39
,1973,All in the Family: Season 4
,1995,Shall We Dance?
,2001,Evolution
,1999,Three to Tango
,1978,Harper Valley P.T.A.
,2004,Eternal Sunshine of the Spotless Mind
,1994,Sirens
,1999,Annie
,1967,Mad Monster Party
,1996,Adrenalin: Fear the Rush
,1997,Late Bloomers
,1999,A Voice from Heaven
,2002,Video Voyeur: The Susan Wilson Story
,1979,Thomas & Sarah
,2004,French & Saunders: On the Rocks
,1960,Dinosaurus!
,2001,Captain Corelli's Mandolin
,1998,Of Freaks and Men
,2001,The Wedding Dress
,1996,Reborn from Hell
,1980,The Pirates of Penzance
,1991,Regarding Henry
,2002,Les Destinees
,1963,Summer Magic
,1977,Fun with Dick and Jane
,2003,Live from Shiva's Dance Floor
,1969,The Damned
,1993,Splitting Heirs
,1998,Route 9
,1961,Greyfriars Bobby
,1997,Club Vampire
,1978,Cheech & Chong's Up in Smoke
,1979,Star Trek: The Motion Picture
,2002,Ozzy Osbourne: Crown Prince of Darkness
,1939,Dodge City
,2003,Pirates of the Caribbean: The Curse of the Black Pearl
,2001,The Knights Templar
,2004,Billy Blanks: Tae Bo: Flex Express
,1943,Hangmen Also Die
,1999,Where a Good Man Goes
,1999,David Copperfield
,1961,The Comancheros
,2000,Calle 54
,2002,Damaged Care
,2000,Law & Order: Special Victims Unit: The Second Year
,1985,Go Tell It on the Mountain
,2004,The Alamo
,1976,Hollywood Boulevard
,1987,Hot Pursuit
,1986,Pee-Wee's Playhouse: Vol. 1
,2002,Terror Toons
,1980,Urban Cowboy
,2003,The Event
,2002,Maetel Legend
,2004,Mosquito Man
,1978,Go Tell the Spartans
,2000,Mandy Moore: The Real Story
,1981,Eye of the Needle
,1996,Race the Sun
,1998,Sour Grapes
,2002,Widows
,2004,Immortal
,2004,Funniest Moments of the Century
,2002,Angel of Death
,1971,Kotch
,1979,The Amityville Horror
,1947,Nightmare Alley
,1998,The Life of Birds
,2001,REO Speedwagon: Live Plus
,2004,Premonition
,1986,Gall Force: Vol. 1: Eternal Story
,2004,Spartacus
,2002,Gilmore Girls: Season 3
,1999,Beau Travail
,1986,The Seventh Curse
,1990,Faces of Death IV
,1956,Anything Goes
,2000,Deliberate Intent
,1999,The Story of Us
,2000,Cirque du Soleil: Dralion
,1961,Splendor in the Grass
,1939,Port of Shadows
,2004,50 First Dates
,2000,Beautiful Creatures
,1998,Slam
,1964,Diary of a Chambermaid
,1954,The Caine Mutiny
,2000,Between Two Women
,1995,Under Siege 2: Dark Territory
,1953,Gentlemen Prefer Blondes
,2000,Hollow Man
,2000,Here on Earth
,1994,X2000: The Collected Shorts of Francois Ozon
,2005,This Divided State
,2000,Needing You
,2001,Strange Frequency
,2001,Final Fantasy: The Spirits Within
,1993,Oh My Goddess!
,2003,Armaan
,1983,The Dresser
,1998,Love is the Devil
,1977,Jubilee
,1994,The Night and the Moment
,2005,The L Word: Season 2
,2000,Tick Tock
,1970,There's a Girl in My Soup
,2004,WWE: History of Wrestlemania
,2005,Saving Face
,1989,Coming Out
,1994,Four Weddings and a Funeral
,1992,Under Siege
,1974,Truck Turner
,2001,She Creature
,1995,Ice Cream Man
,1999,Simpatico
,1998,Kiss the Sky
,2005,Hercules
,1999,The Talented Mr. Ripley
,1963,The Courtship of Eddie's Father
,1997,Turbo: A Power Rangers Movie
,2002,The Importance of Being Earnest
,2002,Borderline
,2002,Talk to Her
,2002,The Magdalene Sisters
,1991,The People Under the Stairs
,2004,Samurai Champloo
,1983,The Winds of War
,1922,Robin Hood
,1947,Dead Reckoning
,2000,Boys Briefs 2
,1983,Jane Eyre
,2000,Legend of Speed
,2002,Norah Jones: Live in New Orleans
,1957,Fire Down Below
,1991,Poison
,2002,Project Viper
,2001,La Brassiere
,2004,Star Wars Animated Adventures: Ewoks
,2004,Head in the Clouds
,1998,Rex the Runt
,2003,'N Sync: PopOdyssey Live
,1985,Fright Night
,2003,No Doubt: Rock Steady Live
,1991,Star Trek: The Next Generation: Season 5
,1998,Silent Mobius: Vol. 2
,1953,Shane
,2002,The Anna Nicole Show: Season 1
,2003,The Blind Swordman: Zatoichi
,2001,Invincible
,1966,The Glass Bottom Boat
,2003,Requiem from the Darkness
,1984,Tightrope
,1998,Ground Control
,1989,Nick Knight
,1994,Andaz Apna Apna
,2003,Capturing the Friedmans: Bonus Material
,2001,Buffy the Vampire Slayer: Season 6
,1966,The Ugly Dachshund
,1972,Fuzz
,1999,Around the World in 80 Days (Animated)
,2001,National Geographic: Inside the Vatican
,2000,Rome: Power & Glory
,2001,I Love Budapest
,2004,411VM Skateboarding: Issue 61
,1997,Super Speedway: IMAX
,2000,Sword For Truth
,1998,Ballistic Kiss
,1989,K-9
,1998,Babylon 5: The River of Souls
,2002,The Saddle Club: Adventures at Pine Hollow
,1999,This Is My Father
,2002,Half Past Dead
,1987,Family Viewing
,2001,Holiday in the Sun
,1998,Postmortem
,1955,Blood Alley
,2000,Healing Hearts
,1998,Pete's Meteor
,2000,Wildflowers
,2002,National Geographic: Inside American Power: The Pentagon
,2000,Rated X
,2001,Star Ocean EX
,1997,Liar Liar
,2003,Toolbox Murders
,1993,A Far Off Place
,2004,Lightning in a Bottle
,2005,Gas
,1997,Bliss
,1993,The Adventures of Pete & Pete: Season 1
,1994,The Simpsons: Season 6
,1999,Sunshine
,1989,Kickboxer
,1977,Starsky & Hutch: Season 3
,1995,Bon Jovi: Live From London
,1982,Grease 2
,1968,The Twilight Zone: Vol. 33
,2003,Identity
,2000,Air Bud: World Pup
,2002,Firefly
,1982,Halloween III: Season of the Witch
,1944,It Happened Tomorrow
,1998,Praise
,1951,Pandora and the Flying Dutchman
,1999,Being John Malkovich
,1984,Full Moon in Paris
,2005,Return to Sin City: A Tribute to Gram Parsons
,1954,Devil Girl from Mars
,2002,Please Teacher!
,2000,Immortality
,1993,Rudy
,1960,The Twilight Zone: Vol. 41
,1998,Citizen X
,2002,Sex Is Comedy
,1995,The Enforcer
,1997,Rebecca
,1997,Nothing to Lose
,2001,Not Another Teen Movie
,1997,Excess Baggage
,1986,The Color of Money
,1991,For the Boys
,2001,Brief Crossing
,2000,Brooklyn Babylon
,2004,VeggieTales: Dave and the Giant Pickle
,2004,Nine Innings from Ground Zero
,2003,America's Next Top Model: Cycle 1
,2002,Tupac Vs.
,1987,From the Hip
,1998,Buffalo '66
,1980,The Return of the King
,2001,Native American Medicine
,2000,What Women Want
,1993,Free Willy
,1986,Absolute Beginners
,2003,Tempo
,2003,Naked World
,2004,John Carpenter: The Man and His Movies
,2004,Vietnam: A Television History
,2004,The Psychic
,1993,Six Degrees of Separation
,2000,CSI: Season 1
,1999,Mystery Men
,2004,Rory O'Shea Was Here
,1940,Flash Gordon Conquers the Universe
,1996,Fly Away Home
,1998,Upright Citizens Brigade: Season 1
,1977,Orca: The Killer Whale
,2001,The Wicksboro Incident
,1991,The Simpsons: Season 3
,1998,BASEketball
,1996,The Ghost and the Darkness
,1996,Memories
,2000,VeggieTales: Esther
,1996,Extreme Measures
,1999,Rogue Trader
,1988,A Better Tomorrow II
,2000,All the Pretty Horses
,1974,Space Is the Place
,1988,The Dawning
,1995,Bad Boys
,2001,Randy Travis Live: It Was Just a Matter of Time
,1983,Eddie and the Cruisers
,1981,The Hitchhiker's Guide to the Galaxy
,1960,The World of Suzie Wong
,2002,Pavement: Slow Century
,1999,The Hurricane
,1983,The Outsiders: The Complete Novel (Extended Edition)
,2004,The Looney Tunes Golden Collection: Vol. 2
,1999,Pippi's Adventures on the South Seas
,1988,Betrayed
,1991,Ricochet
,2002,Collateral Damage
,2003,Steel Angel Kurumi 2
,2000,Argentosoma
,2004,Eric Clapton: Crossroads Guitar Festival 2004
,1988,Garfield and Friends: Vol. 2
,2003,Architectures
,1964,The Judy Garland Show
,1981,On Golden Pond
,1993,The Secret Garden
,2000,Little Rascals #1-2
,1992,Where the Day Takes You
,1993,The Legend 2
,2001,Buffalo Soldiers
,1973,Doctor Who: The Green Death
,2000,Pride FC: Grand Prix Opening Round
,1992,Centre Stage
,1972,Chariots of the Gods
,2003,Gigantic: A Tale of Two Johns
,1994,Suite 16
,2003,VeggieTales: The Ballad of Little Joe
,1988,Heartbreak Hotel
,2004,Dirty War
,2002,Dracula's Curse
,2003,Saiyuki Reload
,2004,Undertow
,1970,The Night Visitor
,1979,The Villain
,1997,Thrill Ride: The Science of Fun: IMAX
,2000,English Grammar: The Standard Deviants
,1996,Alaska
,2004,Robot Stories
,2003,Henry VIII
,1973,Don't Look in the Basement
,1952,The Narrow Margin
,2001,Etoiles: Dancers of the Paris Opera Ballet
,1990,The Rookie
,1992,Bram Stoker's Dracula
,2003,A Guy Thing
,1991,The Architecture of Doom
,2002,Sunshine State
,1967,The Shooting
,1997,Lawyer Lawyer
,2005,The Flaming Lips: The Fearless Freaks
,1961,Saturday Night and Sunday Morning
,2002,Biggie & Tupac
,2000,Winnie the Pooh: Spookable / Frankenpooh
,2000,2001: A Space Travesty
,1985,The Toxic Avenger
,2003,People I Know
,2004,Musafir
,1998,Ratcatcher
,2000,The Einstein of Sex
,2002,Disturbed: M.O.L.
,2001,Kill by Inches
,1998,Spice World
,1993,Supercop 2
,1977,The Van
,2002,Spider-Man: The Ultimate Villain Showdown
,1976,Eleanor & Franklin: The Early Years
,1999,Midnight Dancers
,2005,Disney Princess Stories: Vol. 2: Tales of Friendship
,1988,The Couch Trip
,1996,Unforgettable
,1980,Fade to Black
,1988,The Lair of the White Worm
,1999,Turbulence 2: Fear of Flying
,2004,Film School: Season 1
,1941,Ziegfeld Girl
,2001,Gaudi Afternoon
,1976,The Sailor Who Fell from Grace with the Sea
,2004,Bill's Run: A Political Journey in Rural Kansas: POV
,1936,The Lower Depths (Les Bas-fonds)
,2000,Yngwie Malmsteen: Live!
,1941,Shadow of the Thin Man
,1975,Little House on the Prairie: Season 2
,1988,Another Woman
,1995,Clockers
,1992,Traces of Red
,1989,Great Balls of Fire!
,2005,The Man Who Copied
,1991,Showdown in Little Tokyo
,2000,Maelstrom
,1943,The Song of Bernadette
,1941,Ball of Fire
,2001,Descendants of Darkness
,1983,Funny Dirty Little War
,1956,Invasion of the Body Snatchers
,1983,Breathless
,1996,Moving Target
,2003,The Looney Tunes Golden Collection: Vol. 1
,2001,Play for Me
,2004,Get Backers
,1987,Real Men
,2003,Sonic X
,2002,House of Fools
,1943,Lassie Come Home
,2002,The Laramie Project
,2004,Control Room
,1999,Godmother
,1997,Bent
,1973,Paper Moon
,1981,Liar's Moon
,1951,Father's Little Dividend
,1997,Double Team
,2001,The Hole
,2001,An American Rhapsody
,1990,Joe Versus the Volcano
,2001,Lan Yu
,2004,Super Size Me
,1996,Heck's Way Home
,2000,Songs from the Second Floor
,1978,The Jeffersons: Season 4
,2000,The Final Hit
,1976,The Omen
,2004,A Very Long Engagement: Bonus Material
,1993,The Scent of Green Papaya
,1986,Youngblood
,2004,Fly Jefferson Airplane
,2005,Le Portrait de Petite Cossette
,1927,Berlin: Symphony of a Great City / Opus 1
,2000,The Adventures of Rocky and Bullwinkle
,1966,The Wild Angels
,1981,La Chevre
,1952,Singin' in the Rain
,2002,Sex
,1994,White
,2002,Widespread Panic: The Earth Will Swallow You
,2002,Na Tum Jaano Na Hum
,1976,Heart of Glass
,2001,Just Visiting
,2003,Martin & Orloff
,2001,A Beautiful Mind: Bonus Material
,2001,The Other Side of Heaven
,1955,To Catch a Thief
,2004,The Bourne Supremacy
,1970,Kati Patang
,2000,The Duel
,1989,Fletch Lives
,2000,Scream 3
,1983,Princess Daisy
,1956,Giant
,1991,Not Without My Daughter
,1970,Watermelon Man
,2001,Hitched
,2000,The Queens of Comedy
,1999,Center Stage
,2002,Pumpkin
,1995,Man of the House
,1992,The Cutting Edge
,1982,Wild Style
,2004,Along Came Polly
,1980,The Blues Brothers: Theatrical Cut
,1998,The Prophecy 2
,1996,Scream
,2004,Golf for Dummies
,1994,Kenny Loggins: Outside from Redwoods
,1992,Home Alone 2: Lost in New York
,2000,The Pornographer
,1988,Last Rites
,1997,Wolves at Our Door
,1991,Picture This
,1996,Larger Than Life
,1936,My Man Godfrey
,1976,Robin and Marian
,2004,The Life & Death of Peter Sellers
,2004,Harry Potter and the Prisoner of Azkaban: Bonus Material
,1995,Streets of Laredo
,2000,Naked States
,1991,Chains of Gold
,1974,The Deluge
,2001,Yeh Teraa Ghar Yeh Meraa Ghar
,1960,Sink the Bismarck
,2004,Michael Jackson: The One
,2001,The Vertical Ray of the Sun
,2004,With All Deliberate Speed
,2004,Primer
,2000,Small Time Crooks
,2004,Death in Gaza
,1998,The Swan Princess: Mystery of the Enchanted Treasure
,2004,Dark Harvest 2: The Maize
,1983,Philip Marlowe Private Eye
,1990,Shanghai
,1997,Close to You: Remembering the Carpenters
,2000,Nuremberg
,2000,Harvey Birdman
,2003,The Tai Chi Master
,1986,Critters
,1993,Fist of the Red Dragon
,1975,A Woman Called Sada Abe
,1998,Ricochet River
,2005,WWE: Summerslam 2005
,1976,Little House on the Prairie: Season 3
,2001,Smallville: Season 1
,1972,Godzilla vs. Gigan
,1992,Like Water for Chocolate
,1970,The Last Valley
,2002,We Were the Mulvaneys
,2003,Nefertiti Resurrected
,1991,Prime Suspect 1
,1939,The Private Lives of Elizabeth and Essex
,1975,Inserts
,2004,Stealing Candy
,2001,Happy End
,2002,Jane Goodall's Wild Chimpanzees: IMAX
,1995,Burnzy's Last Call
,1964,A Fistful of Dollars
,2004,A Cinderella Story
,1985,Plenty
,1967,Son of Godzilla
,1983,Cujo
,2004,The Incredibles: Bonus Material
,1984,This Is Spinal Tap
,1991,Detonator Orgun
,1962,In Search of the Castaways
,2001,National Geographic: Africa
,1992,Wayne's World
,1998,The Gingerbread Man
,1983,The Osterman Weekend
,2002,Bob the Builder: Bob Saves the Day!
,1993,Jason Goes to Hell
,2004,Boa vs. Python
,1968,The Thomas Crown Affair
,1957,The Lower Depths (Donzoko)
,1994,My Girl 2
,1983,Deathstalker
,2000,Love Beat the Hell Outta Me
,2002,Race to Space
,2005,Revelations
,2000,The Wonderful World of Louis Armstrong
,1991,Saajan
,1988,The Deceivers
,1999,Jackson Pollock: Love and Death on Long Island
,2002,Quincy Jones: In the Pocket
,1999,The War Zone
,2004,Maggie & Annie
,2001,Exit Wounds
,1999,Solas
,1992,The Tune
,1973,The Glass Menagerie
,2001,America's Sweethearts
,1999,Escape to Grizzly Mountain
,1994,Lover of the Last Empress
,1982,The Plague Dogs
,1992,Bloodfist 3: Forced to Fight
,1962,Birdman of Alcatraz
,1995,Detonator 2: Night Watch
,2000,Short Shorts
,1966,This Property Is Condemned
,1999,Joe the King
,1956,Bride of the Monster
,1996,Trees Lounge
,1998,Mama Flora's Family
,1999,Pirates of Silicon Valley
,1994,Hum Aapke Hain Koun
,1990,The Spirit of '76
,2004,Bjork: The Inner or Deep Part of an Animal or Plant Structure
,1995,Things to Do in Denver When You're Dead
,2004,A Love Song for Bobby Long
,1990,Spaced Invaders
,1988,Punchline
,2001,Mean Machine
,1942,Sullivan's Travels
,1998,Kuch Kuch Hota Hai
,1990,Arachnophobia
,1965,Those Magnificent Men in Their Flying Machines
,1956,The Man in the Gray Flannel Suit
,2001,Jericho
,1999,Futurama: Vol. 1
,1995,The Brothers McMullen
,1997,The Bible Collection: David
,2002,Adventures of Mini-Goddess
,1989,Behaving Badly
,2005,Paheli
,2002,Rip It Off
,1962,The Twilight Zone: Vol. 3
,2003,Bloody Murder 2
,1968,Head: The Monkees
,2004,The White Dragon
,2003,3-2-1 Penguins: The Doom Funnel Rescue
,1978,Avalanche
,1995,The Second Coming
,1998,Green Legend Ran
,2000,Gilmore Girls: Season 1
,1984,The Element of Crime
,1995,The Ping Pong Club
,1975,The Rocky Horror Picture Show
,2004,The True Story of Alexander the Great
,1962,Gay Purr-ee
,2002,Irreversible
,2001,Bojangles
,1978,The Cat and the Canary
,2002,Bear in the Big Blue House: Tidy Time with Bear
,2002,Washington Heights
,1957,The Tin Star
,2002,Woodrow Wilson: American Experience
,2005,The Sandlot 2
,1996,A Tale of Two Kitties
,2002,Abandon
,1995,A Walk in the Clouds
,1969,The Young Girls of Rochefort
,2003,Freaky Friday
,1999,Surfing for Life
,1999,Boss of Bosses
,1932,The Most Dangerous Game
,2000,The Game of Death
,1967,An Evening in Paris
,2000,Living the Life
,2002,American Gun
,1992,Newsies
,2003,Maburaho
,2002,Eastwood After Hours
,1937,Snow White and the Seven Dwarfs: Bonus Material
,1989,Look Who's Talking
,1993,The Vanishing
,1999,Travel the World by Train: Asia
,1963,The Day of the Triffids
,2005,Baby Einstein: On the Go: Riding
,1959,Black Orpheus
,2000,The Calling
,1984,Stuck on You
,1996,Everybody Loves Raymond: Season 1
,2000,Merce Cunningham: A Lifetime of Dance
,1998,Kiss: The Second Coming
,1965,The Collector
,1996,My Sex Life
,1985,Saagar
,2001,Don't Say a Word
,1990,Northern Exposure: Season 1
,2001,America's Most Haunted Town
,1958,Tom Thumb
,1991,The Tigers
,2002,Ghost Ship
,2003,Battlestar Galactica: The Miniseries: Bonus Material
,2002,Chance Pop Session
,1958,Peter Gunn
,1985,Runaway Train
,1997,Mandragora
,1998,Babe Ruth
,2002,The Next Big Thing
,2000,Ringu 0
,1999,Now and Then
,1998,Highlander: The Raven
,1998,Great Expectations (Masterpiece Theatre)
,1967,The President's Analyst
,1972,Alice's Adventures in Wonderland
,2001,Wishmaster 3: Beyond The Gates of Hell
,2004,Madlax
,2004,Rick Steves' Europe: Ireland
,1997,Eric Clapton: Live in Hyde Park
,1997,The Spanish Prisoner
,1977,The Sentinel
,2001,Double Bang
,2004,Carolina
,1969,The Magic Christian
,1999,Ice from the Sun
,1994,Trevor
,1996,Beast Wars Transformers: Season 1
,1964,Two Thousand Maniacs
,1992,Dragon Ball Z: Super Android 13
,1999,Gamera 3: Revenge of Iris
,1964,El Padrecito
,2001,Justice League: Justice on Trial
,1997,Perfect Body
,1996,Carpool
,1963,Heavens Above!
,2000,MVP: Most Valuable Primate
,2000,Grateful Dawg
,1989,When Harry Met Sally
,1989,Wrath of the Ninja
,1982,Frances
,2000,Swimming
,1957,A Farewell to Arms
,2001,The Wash
,2000,Underworld: Live: Everything Everything
,1998,The Eighteenth Angel
,1978,In the Realm of Passion
,2004,Blind
,1980,Heaven's Gate
,1964,Send Me No Flowers
,2002,Solaris
,1961,A Woman Is a Woman
,2002,Divine Intervention
,2002,Spy Kids 2: The Island of Lost Dreams
,2001,Comedy Only in Da Hood
,2005,Million Dollar Baby: Bonus Material
,1979,Love for Lydia
,1999,Julien Donkey-Boy
,1986,Power
,1999,Shiloh 2: Shiloh Season
,2002,Shackleton
,1994,The Memoirs of Sherlock Holmes
,2000,The Emperor's New Groove
,2000,Love Hina
,1965,How to Stuff a Wild Bikini
,2001,Jackie's Back
,1998,Cirque du Soleil: Alegria
,1950,Kiss Tomorrow Goodbye
,2005,It's All Gone Pete Tong
,1976,Freaky Friday
,2003,The Missing
,2005,ECW: One Night Stand
,1955,Marty
,1962,Sahib Bibi Aur Ghulam
,2001,How High
,1981,Satte Pe Satta
,1974,The Street Fighter
,1999,Candyman 3: Day of the Dead
,1988,Howling IV: The Original Nightmare
,1998,Dirty Work
,1984,The Hitcher
,1953,Glen or Glenda
,1953,Cat-Women of the Moon
,1999,Whiteboyz
,1998,Little Men
,1996,The Politician's Wife
,1992,Return to the Lost World
,1983,Love Letters
,2001,A Girl
,2004,New Fist of the North Star
,1995,The Incredibly True Adventure of 2 Girls in Love
,2005,The Locker
,2000,Napoleon
,1985,The Golden Girls: Season 1
,1981,Kill & Kill Again
,1954,The Big Combo
,2003,Calcutta Mail
,1995,Tank Girl
,2001,Uprising
,1994,The Tom Green Show: Early Exposure: Raw Meat and Rare Treats
,2001,From Hell
,1981,Saturday the 14th
,1993,Born Yesterday
,1998,Digging to China
,1991,Legend of the Dragon Kings: Red Dragon
,2000,Refugee
,2004,Volcano Above the Clouds: Nova
,2002,The Pianist
,2005,Bob the Builder: Bob's Big Plan
,1999,Diamonds
,1997,Short #5: Diversity
,1980,The Sex Pistols: The Great Rock 'n' Roll Swindle
,1999,The Big Tease
,2005,Alien Planet
,1965,That Funny Feeling
,2002,The Life of Mammals
,1974,The Longest Yard
,1992,Tenchi Muyo
,1986,Back to School
,1997,Finding North
,2004,Laffapalooza! #1
,1992,The East Is Red: Swordsman 3
,1999,The Beatles: Celebration
,2004,The Saddest Music in the World
,1985,The Holcroft Covenant
,2001,Mujhe Kucch Kehna Hai
,1944,Since You Went Away
,2002,Callas Forever
,2003,Cirque du Soleil: Varekai
,2000,Niea 7
,1984,Top Secret!
,1968,Where Angels Go
,1973,Cleopatra Jones
,1979,Yes: Live in Philadelphia
,2002,Friday After Next
,1998,Restless
,2003,Dr. Seuss' The Cat in the Hat
,1998,Dark City
,2003,SD Gundam Force
,1995,Braveheart
,1993,Hocus Pocus
,1972,Man of La Mancha
,2003,Inhabited
,2003,s-Cry-ed
,2005,Johnny Cash: Live at Montreux 1994
,1976,Gus
,1997,T.N.T.
,1999,The Adventures of Elmo in Grouchland
,1975,Aandhi
,2003,Bob the Builder: Teamwork
,1957,The Curse of Frankenstein
,2001,The X-Files: Season 9
,2003,Life of Buddha
,1969,The Computer Wore Tennis Shoes
,2001,Serendipity
,2002,Derailed
,2000,Mr. Rice's Secret
,1995,Pride and Prejudice
,1999,Muppets From Space
,2005,Karl Rove: The Architect: Frontline
,2000,The President's Man
,1998,The Worst Witch: Battle of the Broomsticks
,1959,Gidget
,2005,Beauty Shop
,2000,Blue Moon
,2000,Blood: The Last Vampire
,2004,Bad Education
,2002,Interview with the Assassin
,1991,Ring of Fire
,1986,Sherman's March
,2000,Silent Witness
,1986,The Police: Every Breath You Take
,1998,Break Up
,1988,Intruder
,1985,Twice in a Lifetime
,1985,D.A.R.Y.L.
,1988,Depeche Mode: 101
,1999,Judgment Day
,2005,Secrets of Angels
,1958,Indiscreet
,2001,When Good Ghouls Go Bad
,2004,Blue's Clues: Blue's Room Snacktime Playdate
,1961,Blue Hawaii
,2002,If I See You In My Dreams: OVA Series
,1989,Story of Women
,1999,'N Sync: 'N the Mix
,2004,WWE: The Great American Bash
,1977,Fantasm Comes Again
,1976,Burnt Offerings
,1985,The Slugger's Wife
,2005,Last Days
,2003,Skin Deep
,2003,The Legend of Johnny Lingo
,1920,The Mark of Zorro
,1961,The Hustler
,2004,City of Steel: Carrier
,1993,Falling Down
,1982,Silent Rage
,1989,I
,2004,The Holy Girl
,1965,The Spy Who Came In from the Cold
,1970,Flip Wilson
,2000,Britannic
,1991,The Silence of the Lambs
,2003,The Great Parks of Alaska
,1944,Going My Way / Holiday Inn
,1999,Message in a Bottle
,1998,St. Ives
,1987,Maid to Order
,2001,A Glimpse of Hell
,2000,Captain Pantoja and the Special Services
,2003,Carrot Top: Rocks Las Vegas
,1998,Jeff Foxworthy: Totally Committed
,1972,Joe Kidd
,2003,Elf
,1966,The Saint
,1997,Addicted to Love
,2001,Love Undercover
,2002,Now and Then
,2004,Boz Scaggs: Greatest Hits Live
,1975,The Wind and the Lion
,1988,The Accidental Tourist
,1991,Another You
,1999,The Five Senses
,2001,The Girl
,1972,Koshish
,2000,Sex & Mrs. X
,1997,Fast
,1959,Sleeping Beauty: Special Edition
,2003,Power Rangers: Ninja Storm
,1927,The Little Rascals
,2005,Dragon Ball Z: Bio-Broly
,1980,The Last Metro
,1990,Gremlins 2: The New Batch
,1958,Marjorie Morningstar
,2004,Riding Giants
,1970,Two Mules for Sister Sara
,2004,Sarah Brightman: Live from Las Vegas
,1998,Sarah McLachlan: Video Collection 1989-1998
,1952,Scaramouche
,1998,Croupier
,1961,Gidget Goes Hawaiian / Gidget Goes to Rome
,1994,Richie Rich
,1994,Treasure Hunt
,1962,If a Man Answers
,1997,The Alarmist
,2003,Spider-Man: The New Animated Series: Season 1
,2004,Finding Neverland
,1989,Till We Meet Again
,1994,The Last Seduction
,2002,The Ocean's 11 Story
,2003,Momentum
,2004,The Other Side of the Street
,1987,Baby Boom
,1980,The Big Red One: Special Edition
,1992,Boris and Natasha
,2002,Virginia's Run
,2000,Dragon Ball Z: Captain Ginyu Saga
,2003,Visitors
,1938,Little Miss Broadway
,2000,Cutaway
,1993,1942: A Love Story
,1965,The Knack...and How to Get It
,1963,Kingdom of Crooked Mirrors
,1987,The Gate
,1994,The Best of Friends: Season 1
,2004,Michael Moore Hates America
,1999,Existenz
,1932,Love Me Tonight
,1994,Hoop Dreams
,1979,10
,2004,Mary Magdalene: The Hidden Apostle
,1998,Razor Blade Smile
,1998,Polish Wedding
,1957,Dr. Seuss' The Cat in the Hat
,1996,Normal Life
,1986,Tai-Pan
,1987,Moonstruck
,1982,My Favorite Year
,1991,The Commitments
,1995,Lie Down with Dogs
,2001,City Hunter: Secret Service
,2002,The Sea is Watching
,1991,Legend of the Dragon Kings: Iron Dragon
,2004,The Ladykillers
,1999,Inferno
,1973,Coffy
,1983,L'Argent
,1982,The Night of the Shooting Stars
,1957,The Seventh Seal
,2002,Awara Paagal Deewana
,1996,Alive and Kicking
,1998,The Suspect
,1996,Burn Up W
,2002,American Psycho 2
,2004,Yu-Gi-Oh!: The Movie
,2004,Richard Pryor: I Ain't Dead Yet #*%$#@!! Uncensored
,2002,Teknolust
,2003,Dead Can Dance: Toward the Within
,1951,The Desert Fox
,2000,Saturday Night Live: The Best of Eddie Murphy
,2002,Big Bad Love
,2004,Tornado
,1992,Man Bites Dog
,2004,Brothers in Arms
,2000,About Adam
,1951,The Thing From Another World
,2003,The Rundown
,2002,Wasted
,1946,Road to Utopia
,1997,Things I Left in Havana
,2002,Ex-Driver
,1955,The Court-Martial of Billy Mitchell
,1986,Lucia Di Lammermoor: Donizetti: Australian Opera
,2003,Bad Bizness
,1989,The January Man
,2003,Last of the Mississippi Jukes
,1981,Knightriders
,2000,Escanaba in da Moonlight
,2004,You Got Served: Take it to the Streets
,2000,Close Encounters: Proof of Alien Contact
,1988,Super Drumming: Vol. 1
,1968,Hellfighters
,2001,Danny in the Sky
,2001,Dragon Ball Z: World Tournament
,1973,Westworld
,1986,The Boys Next Door
,2004,The Final Cut
,2003,Judas Priest: Electric Eye
,1985,Cocoon
,2004,WWE: Judgment Day 2004
,2003,House of the Dead
,1958,Wanted: Dead or Alive: Season 1
,2001,In Praise of Love
,2000,Ah! My Goddess: The Movie
,1981,The Four Seasons
,1973,Ciao! Manhattan
,2000,The Seven Wonders of the Ancient World
,1998,T-Rex: Back to the Cretaceous: IMAX
,2001,The Mists of Avalon
,1938,The Adventures of Robin Hood: Bonus Material
,2005,Ghost in the Shell: Stand Alone Complex: 2nd Gig
,1970,The Partridge Family: Season 1
,1989,Cousins
,1999,National Geographic: Surviving Everest
,1992,Royal Tramp
,1967,Dark Shadows: Vol. 1
,1968,Here's Lucy
,2000,Little Shots of Happiness
,1994,A Million to Juan
,1995,Lord of Illusions
,2003,The Inheritance
,1997,Mean Guns
,1990,The Simpsons: Treehouse of Horror
,1989,The Fabulous Baker Boys
,1990,Two Evil Eyes
,1976,At the Earth's Core
,2003,I'm Not Scared
,2004,UFC 43: Ultimate Fighting Championship: Meltdown
,1979,Escape from Alcatraz
,1989,Black Rainbow
,2002,Midnight Street Racing
,1999,One Love: The Bob Marley All-Star Tribute
,1971,On Any Sunday
,2004,Crimson Rivers 2: Angels of the Apocalypse
,2003,Emmanuelle in Hong Kong
,1977,For the Love of Benji
,2004,Teen Titans: Season 2
,1999,Harlock Saga
,2005,Strawberry Shortcake: Dress Up Days
,1936,Pennies from Heaven
,1973,The Way We Were
,1992,Aileen Wuornos: The Selling of a Serial Killer
,1998,Shadow of Doubt
,1997,Turbulence
,1994,The Best of Friends: Season 2
,1994,The Lion King: Special Edition
,1966,Duel at Diablo
,1972,Sanford and Son: Season 4
,1985,Murphy's Romance
,1978,Dirty Tiger
,1975,Rollerball
,2000,Little Nicky
,1994,The Road to Wellville
,1995,Kristin Lavransdatter
,1985,Randy Newman: At the Odeon
,1985,Red Sonja
,2000,Live Nude Girls Unite!
,2004,The Hollow
,1968,Barbarella
,2001,According to Spencer
,1984,Birdy
,2000,Midnight Tease 1 & 2
,2001,Crash Course
,1990,Three Men and a Little Lady
,2005,Dears
,1992,Beyond the Mind's Eye
,1997,Dangerous Ground
,1978,Damien: Omen II
,1974,Candy Stripe Nurses
,2001,Guardian
,1975,Friday Foster
,1990,Ghost
,1999,Mulan
,1995,Junkers Come Here
,1987,Nekromantik
,2000,Nora
,2004,Liberty! The American Revolution
,1997,Dante's Peak
,1969,The Butcher
,2001,Kabhi Khushi Kabhie Gham
,1987,Prick Up Your Ears
,1989,Campion: Death of a Ghost
,2001,Inbred Rednecks
,1997,Lewis and Clark: The Journey of the Corps of Discovery
,1955,Rififi
,2000,The Powerpuff Girls: Down 'n' Dirty
,2004,Art Heist
,1953,Titanic
,2000,The Sight
,1995,The Mangler
,1984,Starman
,1974,For Pete's Sake
,2004,Cedric the Entertainer Presents
,1981,Kaalia
,1999,Esther: The Bible
,1999,Beautiful People
,1991,Frankie and Johnny
,1970,Vampyros Lesbos
,1915,Les Vampires
,2004,Blade: Trinity
,1962,Zatoichi
,1980,Fist of Fear
,1997,Curtain Call
,2005,Ma Mere
,2004,King Solomon's Mines
,1957,A Matter of Dignity
,1993,Lost in Yonkers
,2000,Sade
,1964,The Twilight Zone: Vol. 25
,1996,The English Patient
,2003,Pompeii: The Last Day
,2000,Monty Python: The Life of Python
,2004,Napoleon Dynamite
,2003,The Skulls III
,1965,Doctor Zhivago
,1965,Thunderbirds
,1970,Julius Caesar
,1964,I Am Cuba
,1983,The Hunger
,2000,The Man Who Cried
,2001,Scary Movie 2
,2004,Hardcore
,1980,Yes
,1937,Stella Dallas
,1988,Dirty Rotten Scoundrels
,1945,Charlie Chan: The Shanghai Cobra
,1987,Evil Dead 2: Dead by Dawn
,1994,DNA2
,2001,Formula One 2000
,1978,Pennies From Heaven
,2002,Stealing Harvard
,1986,The Decline of the American Empire
,1993,Bloodfist 5: Human Target
,2000,Batman Beyond: Return of the Joker
,1997,Private Parts
,1998,King of the Hill: Season 3
,1985,Desert Hearts
,2001,Teenage Caveman
,1984,Grand Canyon: Hidden Secrets: IMAX
,1973,The Crazies
,1998,The Treat
,1993,Heaven & Earth
,2000,Tha EastSidaz
,1991,Double Impact
,1998,Saving Private Ryan: Bonus Material
,1997,Leave it to Beaver
,2004,Around the World in 80 Days
,1991,The Addams Family
,1998,Tactical Assault
,1973,Charley Varrick
,2003,SpiderBabe
,1990,Mirror Mirror
,2000,On Any Sunday Revisited
,2000,All I Wanna Do
,2002,My Left Eye Sees Ghosts
,1998,Jack Frost
,1996,George Carlin: George's Best Stuff
,2000,Forbidden
,1999,Judy Berlin
,1986,Children of a Lesser God
,1991,Robin Hood
,1990,Hamlet
,2000,Campfire Stories
,2001,Xena: Warrior Princess: Series Finale
,1999,Paradise Lost 2: Revelations
,1994,Guarding Tess
,1930,All Quiet on the Western Front
,1987,A Nightmare on Elm Street 3: Dream Warriors
,1938,Bringing Up Baby
,1990,Heart Condition
,2002,Dinotopia
,1951,The Best of the Red Skelton Show
,1994,Picture Bride
,1976,The Enforcer
,1994,The Allman Brothers Band: Brothers of the Road
,2004,The Corporation: Bonus Material
,1979,The Real Andy Kaufman
,1996,Plump Fiction
,2000,Rage: 20 Years of Punk Rock
,2001,The Princess Diaries (Fullscreen)
,1952,Bend of the River
,1999,Suze Orman: The Courage to be Rich
,1998,Like It Is
,2000,Mermaid
,1972,Avanti!
,2004,Homeland Security
,2005,The Looney Tunes Golden Collection: Vol. 3
,1946,Make Mine Music
,2000,Race Against Time
,2003,Truth Be Told
,1990,C'est la Vie
,1998,The Opposite of Sex
,2003,Daredevil
,1999,The Velocity of Gary
,2003,Swimming Pool
,2002,State Property
,1928,The Man Who Laughs
,2000,The House on Sorority Row
,2004,Broadway: The Golden Age
,1993,Aspen Extreme
,1990,The Grifters
,1994,Muriel's Wedding
,1988,The Blob
,1962,The Longest Day
,1993,Where the Rivers Flow North
,2004,Schizo
,1988,Everybody's All American
,1984,Doctor Who: Resurrection of the Daleks
,1998,Half Baked
,2002,Simone
,1987,Cry Freedom
,1993,The Best of the Blues Brothers
,2003,Return to the Bat Cave: The Misadventures of Adam and Burt
,2004,Sideways
,1986,Flight of the Navigator
,2003,Terminator 3: Rise of the Machines: Bonus Material
,1978,Wonder Woman: Season 3
,2001,My Louisiana Sky
,1974,The Godfather
,2004,Howard Zinn: You Can't Be Neutral on a Moving Train
,1956,The Great Locomotive Chase
,2002,Waydowntown
,2001,Alice Cooper: The Alice Cooper Story
,1988,Action Jackson
,2004,Once Upon a Time
,2000,Baller Blockin
,1991,Clarissa Explains It All: Season 1
,1994,Burnt by the Sun
,1989,Speaking Parts
,1992,Reservoir Dogs: Bonus Material
,1970,Taste the Blood of Dracula
,1963,Son of Flubber
,1990,Bad Influence
,2003,Big Brother 4
,1997,Treasure Island
,2001,The Pledge
,1984,All of Me
,2002,Vampire Clan
,2001,Original Sin
,1999,The Substitute/The Substitute 3
,1941,The Maltese Falcon
,1983,Lianna
,1991,Ozzy Osbourne: Don't Blame Me
,1990,Sorority House Massacre II
,2002,About a Boy
,1999,In Dreams
,1959,The Mysterians
,2003,Family Business: Season 1
,2000,Scooby-Doo's Original Mysteries
,1998,Devil in the Flesh
,1996,Chain Reaction
,1998,The Unreal Story of Pro Wrestling
,1991,INXS: Live Baby Live
,2002,The Secret Life of the Brain
,1971,Bananas
,1997,Spike and Mike's Sick & Twisted Festival of Animation
,2004,The Village
,1999,My Son the Fanatic
,1990,The Tall Guy
,2000,Psycho Beach Party
,2004,Monster Island
,2004,Black Cloud
,1975,The Legend of Boggy Creek
,1973,The Day of the Jackal
,1999,Leprechaun 5: In the Hood
,1998,Rear Window
,2003,Honey
,2001,George Carlin: Complaints and Grievances
,2000,Reindeer Games
,1987,Gospel According to Al Green
,2001,The Living Edens: The Lost World: Venezuela's Ancient Tepuis
,1999,Midnight Panther
,1997,The Ice Storm
,1940,The Howards of Virginia
,1946,Wanted for Murder
,2002,Hairdo U
,2003,Sakura Wars TV
,1998,The Parent Trap
,1996,National Geographic: Nature's Fury
,2001,The Last Kiss
,2000,The Family Man
,1939,The Little Princess
,1991,Murder in New Hampshire
,1948,La Terra Trema
,1987,Extreme Prejudice
,1958,The Vikings
,1999,Southpaw
,1995,Strange Days
,1999,The Mission
,1963,My Favorite Martian: Season 1
,1986,Shaka Zulu
,2002,28 Days Later
,2000,Blacktop
,1916,Intolerance
,2000,Company Man
,1972,Lone Wolf and Cub: Sword of Vengeance
,2003,Where the Red Fern Grows
,1973,Baba Yaga
,1979,Tourist Trap
,1989,Saved by the Bell: Season 1
,2005,Queer Eye for the Straight Guy: Carson's Style
,1995,R.E.M.: Parallel
,1985,Once Bitten
,1979,The Apple Dumpling Gang Rides Again
,1987,The Whales of August
,1960,Exodus
,2000,Not One Less
,2002,The Dead Zone: Season 2
,2002,Our America
,1989,Jasper Johns: Ideas in Paint
,1998,High Art
