,2004,Isle of Man TT 2004 Review
,2001,Fighter
,1999,Full Frame: Documentary Shorts
,2003,Lord of the Rings: The Return of the King: Extended Edition: Bonus Material
,1982,Nature: Antarctica
,2001,Clifford: Clifford Saves the Day! / Clifford's Fluffiest Friend Cleo
,1997,Inspector Morse 31: Death Is Now My Neighbour
,1999,Classic Albums: Meat Loaf: Bat Out of Hell
,2003,Ashtanga Yoga: Beginner's Practice with Nicki Doane
,2000,Horror Vision
,1996,Spitfire Grill
,2003,Devo: The Complete Truth About De-evolution
,2004,Carandiru
,1999,Tai Chi: The 24 Forms
,1954,Davy Crockett: 50th Anniversary Double Feature
,2005,Elfen Lied
,1965,The Battle of Algiers: Bonus Material
,1997,Complete Shamanic Princess
,1976,Sanford and Son: Season 6
,2000,Magnolia: Bonus Material
,2003,Duplex (Widescreen)
,1993,The Eye of Vichy
,1973,Lord Peter Wimsey: Murder Must Advertise
,2004,Bear Cub
,2004,Plain Dirty
,2003,Beyonce: Live at Wembley
,2002,Cube 2: Hypercube
,2003,Vampire Effect (aka Twins Effect)
,2002,Arachnid
,1981,Lucio Fulci: The Beyond
,1927,Cat and the Canary
,2001,Allergies: A Natural Approach
,1993,Lost in the Wild
,2000,The Tricky Master
,2000,Deepak Chopra: The Way of the Wizard & Alchemy
,2005,The Edward R. Murrow Collection
,2002,MTV Yoga
,2000,Demon Warrior Koji
,2004,Laird: White Knuckle Extreme
,1968,John Cleese on How to Irritate People
,2002,MTV: Making the Band 2: Best of Season 1
,2004,Cartoon Network Halloween: 9 Creepy Cartoon Capers
,1968,Adam-12: Season 1
,2004,The History Channel Presents: Troy: Unearthing the Legend
,2005,IFilm: Deranged
,2004,Billy Blanks: Tae Bo: Cardio Circuit 1
,2004,Isle of Man TT 2004 Review
,2005,Dead Birds
,1996,Arliss: The Best of Arliss
,1992,Peter Tosh: Stepping Razor: Red X
,1997,Gupt
,2004,Troy: Bonus Material
,1947,The Three Stooges: Sing a Song of Six Pants
,2001,Dinner Rush
,2002,Read-Along: Beauty and the Beast
,2000,Impostor
,1988,Cherry 2000
,1983,Triumph: Live at the US Festival
,1995,Neon Bible
,2003,Chappelle's Show: Season 1
,1999,Midsomer Murders: Blood Will Out
,1971,Chato's Land
,2004,Stellvia
,2001,Michael Moore's The Awful Truth: Season 2
,2000,Midsomer Murders: Strangler's Wood
,1967,Marat / Sade
,2002,The Jeff Corwin Experience: Costa Rica and the Amazon
,2001,Sex and the City: Season 4
,2000,Chained Heat 3: Hell Mountain
,2002,Crunch: Pick Your Spot Pilates
,1997,Option Zero
,2001,The Isle
,2000,Leila
,1964,Combat! Season 3: Operation 2
,1999,Futurama: Monster Robot Maniac Fun Collection
,1994,Mother's Boys
,2002,Deftones: Live in Hawaii
,2003,Mail Call: The Best of Season 2
,1942,The Three Stooges: Three Smart Saps
,1968,Rolling Stones: Rock and Roll Circus
,1998,Midnight: 2000 Seen By...
,1981,Sadomania
,1973,Sinful Nuns of St. Valentine
,2003,Absolutely Fabulous: Series 5
,1999,Lies
,2004,Billy Blanks: Tae Bo: Contact 2
,1989,R.E.M.: Tourfilm
,2003,Spun
,1918,Chaplin
,2003,Nine Dead Gay Guys
,1979,Dick Francis: The Racing Game
,2001,Hit Team
,1984,Bizet's Carmen
,1993,Danielle Steel's Heartbeat
,1916,20
,2001,Arjuna: Complete Collection
,2000,Substitute 4: Failure is Not an Option
,1986,Transformers: Season 3: Part 1
,2003,Agatha Christie's Poirot: Sad Cypress
,2004,Barney: Barney's Colorful World: Live
,2004,Extreme Engineering: Tokyo's Sky City
,1996,Love Can Seriously Damage Your Health
,1968,Dark Shadows: Vol. 9
,2001,Oswald: Welcome to the Big City!
,2002,Scorched
,1996,Emma (Miniseries)
,2005,Classic Cartoon Favorites: Starring Donald
,1998,First Night of My Life: 2000 Seen By...
,1998,Mr. Jealousy
,1998,Legend of 1900
,2004,VeggieTales Classics: Where's God When I'm Scared?
,1997,Flypaper
,1992,Danielle Steel's Jewels
,1968,Doctor Who: Lost in Time: The Patrick Troughton Years
,1972,The Giallo Collection: Who Saw Her Die?
,1989,Glory: Bonus Material
,2002,Mail Call: The Best of Season 1
,1976,Blank Generation / Dancin' Barefoot
,2004,The Volcano Disaster
,2004,Blue's Clues: Blue's Room: It's Hug Day
,2000,Bubblegum Crisis: Hurricane Live!
,2004,E's Otherwise
,1927,Presenting Felix the Cat
,2001,Sol Goode
,1987,Maurice: Bonus Material
,1996,Cadfael: A Morbid Taste for Bones
,1940,Rebecca: Bonus Material
,1999,Knights of Ramune
,1994,Highlander: Season 4
,2000,Popular: Season 2
,1998,The Curve
,2001,Monarch of the Glen: Series 2
,1973,Bobby Darin: Mack is Back
,1997,Burn Up Excess: Vol. 1: To Serve and Protect
,2005,Walt Disney's Timeless Tales: Vol. 2
,1999,Offspring: Americana
,1983,SCTV Network 90: Vol. 4
,1980,Doctor Who: The Leisure Hive
,1986,Dario Argento Collection: Vol. 2: Demons 2
,1999,Underground Comedy Movie
,1971,The Fassbinder Collection: Pioneer in Ingolstadt
,2001,National Geographic: Inside American Power: Air Force One
,1965,Green Acres: Season 1
,1996,Highlander: Season 5
,1999,La Femme Nikita: Season 3
,1986,Real Kung Fu of Shaolin
,2004,Rugrats All Grown Up: O' Brother!
,1990,R.E.M.: Pop Screen
,2000,Caillou: Caillou's Treasure Hunt and Other Adventures
,1997,Daud
,2004,Mahoromatic: Automatic Maiden: Summer Special
,1993,Inspector Morse 9: The Last Enemy
,1998,Homicide: Life on the Street: Season 7
,1950,Film Noir Collection: D.O.A.
,2003,The Wire: Season 1
,1959,Carlton-Browne of the F.O.
,1988,Bagdad Cafe
,2005,11:14
,2004,Great Pas de Deux
,2000,The Best of MusikLaden: Classic Rock
,1983,Scarface: 20th Anniversary Edition: Bonus Material
,1999,Man in the Iron Mask
,2003,Foyle's War: Set 2
,1953,Dr. Seuss's The 5
,1995,The Outer Limits: The New Series: Aliens Among Us
,2004,Unsolved History: Salem Witch Trials
,1976,Rabid
,1968,Dark Shadows: Vol. 11
,2000,On Cukor
,1998,Goosebumps: Cry of the Cat
,1984,Wes Craven's Invitation to Hell
,2001,Bruiser
,1990,King of New York: Special Edition (Full-screen)
,1996,La Promesse
,1998,Without Limits: NASA Test Projects
,2000,Short: International Release #2
,1994,Sharpe 4: Sharpe's Enemy
,1999,Mating Habits of the Earthbound Human
,2005,Monster-in-Law: Bonus Material
,2004,Reno 911: Season 2
,1999,Harsh Realm: The Complete Series
,2003,Zakk Wylde's Black Label Society: Boozed
,2003,Out of Ireland: The Hit Songs and Artists of Irish Music
,1969,Benny Hill: Complete and Unadulterated: The Naughty Early Years: Set 1
,1979,Dead Kennedys: In God We Trust
,1996,R.E.M.: Road Movie
,1994,Earth 2: The Complete Series
,2003,String Cheese Incident: Live at the Fillmore
,1968,Satanis: The Devil's Mass / Sinthia: The Devil's Doll: Double Feature
,2004,Giant Robo
,1991,Danielle Steel's Changes
,2005,Backyardigans: It's Great to Be a Ghost
,2003,Midsomer Murders: A Tale of Two Hamlets
,1998,Screw Loose
,1966,Lost in Space: Season 2: Vol. 1
,2003,World Cup Soccer Highlights: 1966-1974
,2002,Jay Jay the Jet Plane: Lessons for All Seasons
,1985,Metropolitan Opera: Puccini: Tosca
,1997,Burn Up Excess: Vol. 2: Crimes and Missed Demeanors
,2002,Frida: Bonus Material
,2001,Basic Elements: My Complete Fitness Guide
,1996,Inspector Morse 30: The Daughters of Cain
,1989,The Simpsons: Season 1
,1999,Poirot: The Murder of Roger Ackroyd
,1999,Spy Games
,2000,Baby Mozart
,1982,Annie: Special Anniversary Edition
,1952,The Jack Benny Show: Vol. 1
,2000,Extreme Bloopers: Sports Gone Wrong
,2004,Spider-Man vs. Doc Ock
,1995,Hemp Revolution
,1983,Armored Trooper Votoms Stage 2: Kummen Jungle Wars
,2003,The Inspector Lynley Mysteries: A Suitable Vengeance
,1995,The Ice Princess
,1938,Three Stooges: Stooges at Work
,1997,Eel
,1980,Dostana
,1996,Thin Line Between Love & Hate
,2005,Winning Strategies: Texas Hold 'Em Poker with Mike Caro
,2004,NBA Street Series: Ankle Breakers: Vol. 2
,2000,Dr. Andrew Weil: 8 Weeks to Optimum Health & Spontaneous Healing
,1964,My Fair Lady: Special Edition: Bonus Material
,1929,Hell's Angels
,2005,Pink Floyd: Inside Pink Floyd: A Critical Review 1975-1996
,1980,The Attic / Crawl Space (Double Feature)
,2001,Automotive Series: Porsche
,1965,Chained Girls / Daughters of Lesbos: Double Feature
,2000,Hate.com
,1999,Charisma
,1943,On Approval
,1971,Twitch of the Death Nerve
,1980,Magnum P.I.: Season 1
,1950,Great Rupert
,1999,La Buche
,2004,Rodney Dangerfield: No Respect: The Ultimate Collection
,1997,Bjork: Shepherds Bush Empire
,2004,Essential Music Videos: Totally 80s
,2003,Rolie Polie Olie: Springy-Time Fun
,1986,Aida: Giuseppe Verdi: Teatro Alla Scala
,2004,Masters of Poker: Phil Hellmuth's Million Dollar Texas Hold'em Tournament Strategies
,1999,50 Years: The Best of Hollywood
,1963,The Andy Griffith Show: Vol 3: Andy Discovers America / Andy's English Valet
,1981,Zorro
,1988,Red Dwarf: Series 2: Bonus Material
,2001,Dragon Tales: Let's Share! Let's Play!
,1999,Batman Beyond: Tech Wars / Disappearing Inque
,1998,The Great Battles of World War II: Battle of Russia
,2005,Billy Blanks: Tae Bo: Fat Blasting Cardio
,1998,La Femme Nikita: Season 2
,1994,Gunmen
,2005,Warren Miller's Impact
,1978,Taxi: Season 1
,2003,Tupperware!: American Experience
,2005,Martha Stewart Holidays: Homemade Holidays
,2004,NBA Street Series: Dunks!: Vol. 2
,2002,Blind Spot: Hitler's Secretary
,2001,Inch' Allah Dimanche
,2000,Foul King
,1977,Breaker Breaker
,1973,Return of the Dragon
,2005,Platinum Comedy Series: Earthquake: About Got Damm Time!
,2005,Midori Days
,2000,Madonna: Music
,2004,Stellaluna
,2004,Extreme Engineering: Subways in America
,1982,Fat Albert's Easter Special
,2004,Bob Hope: The Ultimate Collection
,2003,Bog Creatures
,2003,Baby Human
,2000,Midsomer Murders: Blue Herrings
,2003,Stargate SG-1: Season 7
,2002,Empires: Martin Luther
,2002,Ozzy Osbourne: Double O: Unauthorized
,1996,Breeders
,2004,Profile of a Serial Killer
,2004,The Vicar of Dibley: 10th Anniversary Specials
,1958,The Bat / House on Haunted Hill
,2003,Breakthru Pilates Sculpt
,2003,Dancing to New Orleans
,2005,Jet Li and the Legend of Wong Fei Hung: Unconquered / Tiger of Canton / Southern Fist Kung Fu
,2002,Video Visits: China
,2004,Beethoven: The Sound and the Fury
,1993,Inspector Morse 28: Twilight of the Gods
,2000,Komodo
,1961,Cleo from 5 to 7
,1974,Muhammad Ali: The Greatest 1964 - 74
,1933,W.C. Fields: International House
,2003,Beckett on Film
,2002,Inu-Yasha: The Movie 3: Swords of an Honorable Ruler
,2005,Casino: 10th Anniversary Edition: Bonus Material
,2004,The Halfway House: Special Edition (Unrated Director's Cut)
,1942,Casablanca: Bonus Material
,2004,Overhaulin': Season 1
,1998,Stargate SG-1: Season 2
,2004,Fangoria Blood Drive
,2001,Pistol Opera
,1993,Three Musketeers
,2000,Girls Can't Swim
,2003,Classic Country Comedy
,1988,Cold Summer of 1953
,2004,King Arthur: The Truth Behind the Legend
,1999,King of the Hill: Season 4
,1980,John Lee Hooker: Live in Montreal: Montreal Jazz Festival
,2000,Appalachian Journey: Yo-Yo Ma/Edgar Meyer/Mark O'Connor
,2001,Alias: Season 1
,2002,Korn: Kornography: Unauthorized Biography
,1987,Miss Marple: Collection 2
,2003,Blue's Clues: Blue's Room: Beyond Your Wildest Dreams!
,1981,Inseminoid
,1981,Dynasty: Season 1
,2003,Hustle and Heat
,2002,Taboo: Season 1
,1998,The Shanghai Affairs
,1997,Deja Vu
,1983,Black Adder
,1981,Time Masters
,2003,In the City
,1973,Doctor Who: Carnival of Monsters
,2005,National Geographic: Predators at War
,1930,Marihuana / Assassin of Youth / Reefer Madness
,1988,Count Duckula: Season 1
,1985,P.D. James: Cover Her Face
,2003,Manito
,1997,Til There Was You
,1984,Hunter: Season 1
,1973,Very Natural Thing
,1984,Nausicaa of the Valley of the Wind
,2000,Richard Kern: Hardcore Collection
,2003,Pokemon Advanced
,1986,Aliens: Collector's Edition
,1998,Suze Orman: 9 Steps to Financial Freedom
,1996,Battle Athletes: Vol. 1: On Your Mark
,1995,Casino: 10th Anniversary Edition
,1980,Nine to Five
,1986,Yes
,2000,Best of Travels in Europe with Rick Steves: France
,1996,Oasis: There and Then
,1994,The Lion King: Circle of Life: Sing-Along Songs
,2004,Chronos: Special Edition
,1988,Patlabor: The Mobile Police: Original Series
,2002,Bear in the Big Blue House: Heroes of Woodland Valley
,2002,Tony Bennett's Wonderful World: Live in San Francisco
,2003,Travellers and Magicians
,1987,Married... with Children: The Most Outrageous Episodes: Vol. 2
,1995,Dragon Ball: Piccolo Jr. Saga: Part 1
,2003,Jackie Chan: Who is He?
,2003,Young Black Stallion
,2002,Burn Up Excess: Vol. 3: Under the Gun
,2004,You I Love
,1999,Cowboy Bebop Remix
,1994,Bob Roberts
,1962,Beast From Haunted Cave/The Brain That Wouldn't Die
,1998,L'Ennui
,1989,Prom Night III / Prom Night IV: Double Feature
,2005,Lazytown: New Superhero
,1985,Dario Argento Collection: Vol. 1: Phenomena
,2005,Led Zeppelin: Inside Led Zeppelin 1968-1972
,2004,Noi the Albino
,1996,Omega Doom / Blind Fury: Double Feature
,1994,Cracker: Series 2
,1992,Sailor Moon: Vol. 10: The Trouble With Rini
,1978,MASH: Season 7
,1982,Gilbert and Sullivan: H.M.S. Pinafore
,1994,Fencer of Minerva: Vol. 2: The Tempest
,1981,Magnum P.I.: Season 2
,2003,P.D. James: Death in Holy Orders
,1978,Sextette
,2003,Latham Entertainment Presents: An All New Comedy Experience
,1999,Kintaro: The White Collar Worker
,2005,Kibakichi
,1959,Yasujiro Ozu's Good Morning
,1995,Gordy
,1991,Mob Justice
,2001,Grand Canyon: The World's Great Natural Wonder
,1992,Plymptoons
,1998,Yugpurush
,2003,Baby Genius: Favorite Nursery Rhymes
,1997,Dave Grusin: West Side Story
,1982,Fela: Music Is the Weapon
,1964,Underdog Chronicles
,1975,S.W.A.T.: Season 1
,1985,Yes Madam
,1995,Friends: Season 2
,1966,The Ghost and Mr. Chicken / The Reluctant Astronaut: Double Feature
,1993,Mac
,1954,I Love Lucy: Season 4
,2002,The Osbournes: Season 1 (Uncensored)
,1990,Ronin Gai
,2002,Captain Herlock
,1985,28 Up
,2005,Cartoon Network: Grossest Halloween Ever
,2001,One Week
,2001,From Hell: Bonus Material
,1971,What's the Matter with Helen? / Whoever Slew Auntie Roo? (Double Feature)
,1999,B.U.S.T.E.D.
,1977,The Mighty Peking Man
,2002,WWE: Before They Were Superstars 2
,2003,Smack: Vol. 1
,1940,W.C. Fields: My Little Chickadee
,2003,Gay Games VI: Sydney 2002: Under New Skies
,2000,Caillou: Big Brother Caillou and Other Adventures
,1978,Diff'rent Strokes: Season 1
,1995,Il Postino
,1996,Jay Jay the Jet Plane: Learning Life's Lessons
,1997,Alien: Resurrection: Collector's Edition: Bonus Material
,1999,MTV Unplugged: Classic Moments
,1996,Spin City: Michael J. Fox: His All-Time Favorites: Vol. 2
,2000,Ablaze
,2003,Killing Emmett Young
,2002,Nijinsky
,2005,5X2
,2005,Classic Cartoon Favorites: Starring Goofy
,2004,Extreme Engineering: Holland's Barriers to the Sea
,1971,The Fassbinder Collection: Whity
,1957,Jean Renoir: Elena and Her Men
,1976,Wodehouse Playhouse: Series 2
,1981,Omen III: The Final Conflict
,2001,Stanley: Hop To It
,2001,Darrin's Dance Grooves
,2001,Eminem: The Slim Shady Show Uncut
,1992,Metallica: A Year and a Half in the Life of Metallica #1
,1987,Wiseguy: Season 1: Part 1
,1994,Gargoyles: Season 1
,1975,Two's Company: Series 1
,1982,Lucio Fulci: The New York Ripper
,1997,Lewis and Clark: Great Journey West: Special Edition (Standard Version)
,1980,Taxi: Season 3
,2000,Endless Summer Revisited
,2001,Strawberry Eggs (I My Me!)
,2000,Cleopatra 2525: The Complete Series
,2002,Kiss: Exposed
,1981,Earth
,1997,VeggieTales Classics: Larry-Boy & The Fib from Outer Space
,1979,Alien Quadrilogy: Bonus Material
,2003,Ghost Rider: The Final Ride
,2004,Case Closed: Season 5
,1969,Benny Hill: Golden Classics
,2000,Jesus and His Times
,2003,Bataan Rescue: American Experience
,2004,The Phantom of the Opera: Special Edition: Bonus Material
,2004,Magnetic Storm: Nova
,2000,Cold Feet: Season 3
,2003,Brother Bear (Theatrical Widescreen Version)
,1998,Lock
,1982,Qurbani
,2002,Great North: IMAX
,1960,The Wasp Woman/Attack of the Giant Leeches
,2003,Japon
,1998,The Alexander Technique
,1980,All Creatures Great and Small: Series 3
,1999,Directors: Ron Howard
,2002,Spliced
,1999,Classic Albums: Phil Collins: Face Value
,1999,Black Adder Back & Forth
,2000,Paul McCartney and Friends: The PETA Concert for Party Animals
,1996,Sliders: Season 3
,1997,Wrong Guy
,1985,Wes Craven's Chiller
,1988,Ken Burns' America: Thomas Hart Benton
,1996,Superman the Animated Series: A Little Piece of Home
,1998,Midsomer Murders: Written in Blood
,1966,Night Caller from Outer Space
,2003,Miracle of Life: Pregnancy Workout
,1990,Danielle Steel's Fine Things
,1970,Cry of the Banshee / Murders in the Rue Morgue: Double Feature
,2001,Winds of Terror
,1987,Gothic
,1995,American Gothic: The Complete Series
,2002,2002 Olympic Figure Skating Competition
,2001,Madonna: What It Feels Like for a Girl
,1985,Teen Wolf / Teen Wolf Too (Double Feature)
,1993,Cracker: Series 1
,1992,Aladdin: Platinum Edition
,2002,Ansel Adams: American Experience
,2003,Denise Austin: Fat-Blasting Yoga: 21 Days to a Yoga Body
,1973,Rhinoceros
,1999,Parallel Dual
,2001,Aberdeen
,2001,The Best of Andy Williams: Christmas Shows
,2002,Vulgar
,1995,Bar Girls
,2004,Modulations: Cinema for the Ear
,1992,Batman: The Animated Series: Tales of the Dark Knight
,2003,Keen Eddie: The Complete Series
,1997,Ballykissangel: Series 3
,1927,The Lon Chaney Collection: The Unknown
,1957,Aparajito
,1999,Radiohead: Meeting People Is Easy
,2001,Luther Vandross: Journeys in Black
,2004,NBA Dynasty Series: The Complete History of the Lakers
,1997,Starship Troopers: Bonus Material
,1995,Cadfael: The Virgin in the Ice
,2003,MI-5: Vol. 2
,1994,A Touch of Frost: Season 2
,1998,Dancer
,1979,Alien: Collector's Edition
,2003,29 Palms
,1964,Tale of Time Lost
,2001,Lord of the Rings: The Fellowship of the Ring
,2000,Deep in the Woods
,1987,Planes
,1999,Trekkies
,2001,Town & Country
,1983,V: The Complete TV Series
,1962,The Flintstones: Season 3
,1995,Sharpe 8: Sharpe's Sword
,2004,Democracy University: DVD Series: Vol. 1
,1998,Players Club
,1994,Mystery Science Theater 3000: Red Zone Cuba
,1990,Inspector Morse 15: Masonic Mysteries
,2001,Fairly Oddparents: Timmy's Top Wishes
,1996,Matilda: Special Edition
,2001,Quicksand
,2003,Monster Garage: Season 2
,2000,Kurogane Communication: Memories of Earth
,1997,Astronomy Adventure: Learning Astronomy History & Principles: The Standard Deviants
,1999,Trigun
,2003,The Greatest '70s Cop Shows
,1993,Mystery Science Theater 3000: The Wild World of Batwoman
,2004,Fat to Firm: Fitness Ball Workout for Dummies
,1999,MTV: The Real World You Never Saw: Hawaii
,2004,Bellydance Fitness Fusion for Beginners with Suhaila: Buns
,1998,Forbidden Sins / Human Desires
,1999,Stargate SG-1: Season 3
,2004,Stargate SG-1: Season 8
,2004,R.O.D. the TV Series
,2000,X: The Movie
,2001,Y Tu Mama Tambien
,2001,Discovering Ireland
,1994,Absolutely Fabulous: Series 2
,1978,Best of The Muppet Show: Peter Sellers / John Cleese / Dudley Moore
,2003,WWE: Mick Foley's Greatest Hits and Misses
,2004,Little People: Fun to Learn Collection
,1985,Star Wars: Ewok Adventures: Caravan of Courage / The Battle for Endor
,1956,Old Khottabych
,2002,Dragon Tales: Yes
,1998,The Mafia: An Expose - Valachi/Luciano/Genovese and Hollywood
,2000,Roswell: Season 2
,1999,Dragon Tales: We Can Work It Out
,1924,Thief of Bagdad
,1973,Sisters
,1998,Conman
,1998,Midsomer Murders: Faithful Unto Death
,1971,Devil's Nightmare
,1990,Grateful Dead: View from the Vault
,1996,Price of Desire
,2002,Minority Report: Bonus Material
,2003,Empires: The Medici
,1995,Last of the Summer Wine: Vintage 1995
,1999,Murder at Devil's Glen
,2004,Secrets of the Dead: Amazon Warrior Women
,1993,Celine Dion: The Colour of My Love Concert
,2002,Ultimate Beginner Xpress: An Introduction to Musical Styles: Acoustic Guitar
,1954,Seven Brides for Seven Brothers: 50th Anniversary Edition
,1998,Bjork: Cambridge
,2001,Cop on a Mission
,1963,8.5: Bonus Material
,1991,Naked Gun 2 1/2: The Smell of Fear
,1990,Kitaro: World Tour: Kojiki
,1951,Cinema's Dark Side: Impact/ Second Woman/ They Made Me a Criminal
,2000,Unbreakable: Bonus Material
,1974,Pink Floyd: Live at Pompeii: Director's Cut
,2000,Seance
,1934,Imitation of Life: Double Feature (1934
,2005,Johnny Cash: Ridin' the Rails: The Great American Train Story
,1990,Roger Waters: The Wall: Live in Berlin
,2003,Celebrity Mole: Hawaii
,2003,Bear in the Big Blue House: Practice Makes Perfect
,2001,Midsomer Murders: Ring Out Your Dead
,1996,Leading Man
,1970,Angels / Getting into Heaven: Double Feature
,2001,Opinion
,1999,Quick Tips from Golf's Greats
,1974,Frosty's Winter Wonderland / 'Twas the Night Before Christmas
,1940,The Three Stooges: Nutty but Nice
,1994,L'Enfer
,2000,Bounce: Bonus Material
,1996,Babylon 5: Season 4
,1990,Bobby's World: The Signature Episodes
,2002,Zig Zag: Special Edition
,1987,Grateful Dead: View from the Vault 4
,2000,Metroland
,1992,Freddie Mercury Tribute Concert
,1990,Danielle Steel's Kaleidoscope
,2000,Jackie Chan Presents Gen-Y Cops
,2000,Kasoor
,1989,Heathers
,2001,Point Men
,1975,Innocents with Dirty Hands
,1998,Everybody Loves Raymond: Season 3
,2000,Directors: Spike Lee
,2004,Leslie Sansone: Walk Away the Pounds: Walk & Kick
,1999,Friends: Season 6
,1999,Battle Athletes Victory: Vol. 6: Willpower
,2005,Rugrats All Grown Up: Dude
,1993,Cronos
,2004,Junked
,1988,Texas Chainsaw Massacre: A Family Portrait
,1977,Doctor Who: Horror of Fang Rock
,1981,Shakespeare Tragedies: Othello
,2002,Midsomer Murders: Murder on St. Malley's Day
,1998,There's Something About Mary: Special Edition: Bonus Material
,2004,Go Further
,2005,Motorcycle Mania 3: Jesse James Rides Again
,1951,The Three Stooges: Merry Mavericks
,1992,As Time Goes By: Series 1 and 2
,1998,Cadfael: The Potter's Field
,1990,Warren Miller's Journey
,1965,Hogan's Heroes: Season 1
,1973,Upstairs
,1996,Pompatus of Love
,2003,Killing Words
,1997,Robin Hood Gang (aka Angels in the Attic)
,2000,Ultimate Attraction
,1992,The Highwaymen: On the Road Again
,2003,Godfathers Collection: True History of the Mafia
,2001,Nicholas Nickleby (TV Miniseries)
,1983,Android
,1948,Loves of Carmen
,1997,Ballykissangel: Series 2
,2004,Ethics and the World Crisis: A Dialogue with the Dalai Lama
,2002,The Roman Empire in the First Century
,1981,The BRD Trilogy: Lola
,1998,Anima
,1943,Ossessione
,2003,Chi-Hwa-Seon: Painted Fire
,1998,Rasen
,2002,Robert Thurman on Tibet
,1934,John Wayne: Man from Utah/Sagebrush Trail/Riders of Destiny/Star Packer
,2004,Joe Pass: An Evening With
,2002,Together
,1982,SCTV Network 90: Vol. 2
,2000,ECW: Path of Destruction
,1992,Sister Wendy: The Complete Collection
,2003,Pokemon Master Quest: Collector's Box: Quest 2
,2005,Thin Man Collection: Alias Nick and Nora
,1996,Sprung
,2000,Peach/ A Bitter Song/ Lavendar Limelight
,2003,AcceleRacers
,2001,Billy Bragg and Wilco: Man in the Sand
,1993,Bride with White Hair 2
,1994,Dragon Chronicles
,1942,The Flying Tigers
,1995,Marmalade Boy: Ultimate Scrapbook: Vol. 3
,2004,Wing Chun: Self Defense
,1929,Nosferatu: Original Version
,1989,Enemies
,1989,976-Evil
,2003,Power Yoga Total Body with Rodney Yee
,2004,Avalanche: Nature Unleashed
,1990,Takegami: Guardian of Darkness: War God
,1959,Sleeping Beauty: Special Edition: Bonus Material
,1997,Gray's Anatomy
,1961,Dr. Seuss: Green Eggs and Ham and Other Favorites
,2003,The Best of Ground Force: Garden Rescues
,1967,Charlie the Lonesome Cougar
,2002,Larryboy: Leggo My Ego
,1994,Cadfael: Monk's Hood
,1998,Last Breath
,2003,Tsui Hark's Vampire Hunters
,2000,King of the Cage: Knockout Nightmare
,1993,Suraj Ka Satwan Ghoda
,1989,Mighty Quinn
,2002,Bartleby
,2001,Bears: IMAX
,2004,Very Best of Cher: The Video Hits Collection
,1950,Love Happy
,2004,Mezzo
,1942,Bambi: Platinum Edition: Bonus Material
,1991,Carmen: Bizet: Covent Garden
,1991,Mystery Science Theater 3000: Santa Claus Conquers the Martians
,2002,Fear of the Dark
,1983,Faerie Tale Theatre: Snow White and the Seven Dwarfs
,2005,Sam Kinison: Outlaws of Comedy
,1995,Grim
,1945,Film Noir Collection: Scarlet Street
,2003,Whale Rider
,1996,Two Much
,2000,Madadayo
,2004,Unsolved History: Jack the Ripper
,2000,Possible Loves
,1988,Degrassi Junior High: Season 3
,1995,Slayers DVD Collection
,1970,The Meatrack / Sticks and Stones: Double Feature
,1953,James Dean Era
,1978,The Incredible Hulk: The TV Series Ultimate Collection
,1990,GoodFellas: Special Edition: Bonus Material
,2004,Warren Miller: Bloopers
,1997,Sharpe 12: Sharpe's Revenge
,1986,Tampopo
,1970,Hi
,2004,Family Guy: Freakin' Sweet Collection
,1997,Face the Evil
,2004,Kenny Chesney: Greatest Hits
,1920,Slapstick Symposium: The Harold Lloyd Collection
,2002,Bliss: Season 1
,1965,Die Monster Die!
,1990,Shrimp on the Barbie
,1965,Shakespeare Wallah
,2001,Nero Wolfe: Season 1
,1999,Soft Hearts
,1978,Dracula: The Satanic Rites
,1963,Combat! Season 2: Mission 1
,1998,Gundam Movie III
,2000,Mailer on Mailer
,1990,Die Fledermaus: Strauss: Royal Opera
,2002,U2: Go Home: Live From Slane Castle
,2000,Eros Blockbuster Hits Vol. 2
,2000,Coupling: Season 1
,1994,Pulp Fiction: Bonus Material
,1952,Othello
,1962,My Life to Live
,2003,Scourge of Worlds: A Dungeons and Dragons Adventure
,2004,A Talking Picture
,2000,Catherine Cookson's: The Secret
,1998,Humanite
,1999,Escape to Watership Down
,2005,Motley Crue: Carnival of Sins
,1985,Rick Springfield: The Beat of the Live Drum
,1982,Tannhauser: Wagner: Metropolitan Opera
,2003,Be Good
,2001,The North Face Expeditions: Everest and Bonus Footage
,1988,Elvira
,2000,Frightmare
,1987,Predator: Collector's Edition: Bonus Material
,1988,Rouge
,1998,Longest Nite
,1998,Pirates of Penzance: Gilbert & Sullivan: Stratford Festival
,1996,Darkdrive
,1944,Alfred Hitchcock Shorts: Bon Voyage/ Aventure Malgache
,2002,Nero Wolfe: Season 2
,1986,Mecha Masters: M.D. Geist / M.D. Geist: Death Force
,1989,Mozart: Don Giovanni: Teatro Alla Scala
,1977,Iron Monkey
,1994,House of Cards Trilogy II: To Play the King
,2000,Farscape: Season 2
,2003,Deewana
,1998,Cats: The Ultimate Edition
,2001,Gale Force
,2003,Roast of Denis Leary: Uncensored
,1926,Mother (Russian Silent)
,1980,Air Crew
,2003,Ripley's Game
,1988,Ronin Warriors: Collection
,1999,Meat Loaf: VH1 Storytellers
,2000,Devil Man
,2000,Organizing from the Inside Out with Julie Morgenstern
,2001,The First Annual PlanetOut.com Short Movie Awards Highlights
,1997,Tom Jones
,2004,Wonderfalls: The Complete Series
,2002,In the Mirror of Maya Deren
,1996,The Pretender: Season 1
,2000,Stephanie Foster: Beginners and Intermediate Yoga
,1921,Avant-Garde: Experimental Cinema of the 1920s and '30s
,1972,Scorpio
,2002,Ghost Watcher
,1988,Garfield Fantasies
,1993,Mi Vida Loca (My Crazy Life)
,2002,Blade 2: Bonus Material
,1921,Sheik / The Son of the Sheik
,2001,Freeze Me
,1992,Inspector Morse 25: Cherubim & Seraphim
,1995,Touched by an Angel: Season 2
,2002,Major League Baseball: Memorable Moments
,1998,Affliction
,1996,Sharpe 10: Sharpe's Siege
,1954,Milton Berle's Buick Hour #1
,1972,Aguirre: The Wrath of God
,1994,NYPD Blue: Season 2
,2002,Over the Edge: Motorcycle Mayhem X
,1984,Punky Brewster: Season 1
,1996,Comrades: Almost a Love Story
,1998,The Hole: 2000 Seen By ...
,2003,Powerpuff Girls: 'Twas The Fight Before Christmas
,1968,Dark Shadows: Vol. 6
,1984,The Brothers Quay Collection
,1979,Sapphire and Steel: The Complete Series
,1962,The Hammer Horror Series: Night Creatures / The Evil of Frankenstein
,2001,S.W.A.T.: L.A.
,2001,ECW: Heatwave '98
,1981,The Doors: No One Here Gets Out Alive
,1991,Terminator 2: Extreme Edition: Bonus Material
,2004,Wildboyz: Season 2
,1973,Spook Who Sat by the Door
,2003,Monk: Season 2
,1997,Classic Albums: Stevie Wonder: Songs in the Key of Life
,2003,Finding Nemo (Widescreen)
,1996,Blue Angels: Rolling in Sky
,1999,King Crimson: Deja Vrooom
,2004,Globe Trekker: Amsterdam
,2004,Science of the Sexes
,1995,High Risk (Meltdown)
,2001,Queer as Folk: Season 1
,1993,Sherlock Holmes: The Eligible Bachelor
,2004,Russell Simmons Presents Def Poetry: Season 2
,1992,Young Duke Series: The Fugitive
,2005,Alias: Season 4
,1974,Nude for Satan
,2003,The Indiana Jones Trilogy: Bonus Material
,1988,All Creatures Great and Small: Series 5
,2003,Little House on the Prairie: I'll Be Waving as You Drive Away
,2000,Sharks: Great White / Ultimate Guide to Sharks
,1952,The Best of the Abbott and Costello Comedy Hour
,1976,Ilsa
,1964,Soft Skin
,1997,Directors: Joel Schumacher
,1991,Raw Heat
,1993,... And God Spoke
,1985,Doctor Who: Vengeance on Varos
,1983,Hysterical
,1945,Charlie Chan: The Jade Mask
,2002,Ranma 1/2: Ranma Forever: Vol. 8: Someday
,1938,The Childhood of Maxim Gorky
,1960,Steamroller and the Violin
,1998,Bram Stoker's Shadowbuilder
,1983,Faerie Tale Theatre: Beauty and the Beast
,1996,Vice Girls
,2000,Golden Boy
,2002,2LDK
,1999,Terror Firmer: Special Edition
,1995,301/302
,2000,Founding Fathers: The Men who Shaped Our Nation
,1963,The Andy Griffith Show: Vol 4: The Mountain Wedding / Opie and the Spoiled Child
,2003,Warren Miller's: The Power of Snow: Cold Fusion
,2002,NBA Finals 2002: Official Championship
,1917,Slapstick Masters
,1986,The Mission: Special Edition: Bonus Material
,1995,Sweet Evil
,1999,Standard Deviants School: American Government
,2004,WOW Gospel 2005
,2001,Hidden Wars of Desert Storm
,1993,Unknown Marx Brothers
,1932,Alfred Hitchcock: Rich and Strange/The Sorcerer's Apprentice
,1965,Bewitched: Season 2
,1998,Kipper: Playtime
,1982,Timerider
,1997,Battle Athletes Victory: Vol. 4: Spaceward Ho!
,2000,Shakespeare Tragedies: Titus/ Romeo/ Hamlet: The Standard Deviants
,2002,National Geographic: Lost Subs: Disaster at Sea
,1998,Gunfighter
,2000,Inu-Yasha
,1973,Maitresse
,1984,Footloose: Special Collector's Edition
,2002,National Geographic: Vietnam's Unseen War: Pictures from the Other Side
,1997,Hostage High
,1978,Semi-Tough
,1934,Tarzan and His Mate / Tarzan Finds a Son! (Double Feature)
,1981,Gregory's Girl
,1998,Eden
,1925,Strike
,2004,World Class Trains: The New Polar Express
,2001,ECW: The Best of the Dudley Boyz
,1980,Shakespeare Tragedies: Hamlet
,1999,Dragon Tales: Let's Start a Band
,1992,Emily Bronte's Wuthering Heights
,2004,Jimmy Timmy Power Hour: Jimmy Neutron
,1945,Classic Cartoon Favorites: Extreme Adventure Fun
,1988,Cobra Verde
,2002,Curb Your Enthusiasm: Season 3
,1995,The Guyver 2: Dark Hero
,2003,The Firm: Maximum Cardio Burn Plus Abs
,2000,Track Down
,1999,Excel Saga
,1989,Bram Stoker's: To Die For
,2000,Soul Food: Season 1
,2005,Girls Bravo
,1993,The Blue Kite
,1996,Sharpe 9: Sharpe's Regiment
,1979,Oblomov
,1994,Sharpe 5: Sharpe's Honour
,NULL,Ancient Civilizations: Rome and Pompeii
,2003,Home Room
,1991,In Living Color: Season 3
,2003,MTV: Punk'd: Season 2
,2000,Escaflowne
,1997,Human Cargo
,1985,Miranda (Tinto Brass)
,2005,Disney's Learning Adventures: Mickey's Around the World in 80 Days: Seeing the World
,2004,Drive Well
,2003,Modern Warfare: The Six Day War
,1999,Gimme Power
,2000,Best of Travels in Europe with Rick Steves: Greece
,2002,The Inspector Lynley Mysteries: For the Sake of Elena
,1997,National Geographic: Volcano: Nature's Inferno
,1999,Ethics for the New Millinneum: The Holiness the XIV Dalami Lama
,2002,Terror / Little Shop of Horrors
,1997,Raven
,2000,Korn: R U Ready?: Unauthorized
,2000,The Best of Tina Turner: Celebrate!
,1998,Frasier: Season 6
,1996,Great Alaska Train Adventure
,1982,Barry Manilow: Copacabana
,2002,Clifford: Happy Birthday Clifford / Puppy Love
,2000,Gonin
,2003,Young Gods
,2002,Wire in the Blood: Justice Painted Blind
,1988,Bat 21
,2004,Nick Jr. Celebrates Spring
,1985,Def Con 4
,2004,The Best of Triumph the Insult Comic Dog
,1987,Ninja vs. Bruce Lee
,2001,Torso
,2000,Snatch: Bonus Material
,1986,Mapp and Lucia: Series 2
,1999,Everybody Loves Raymond: Season 4
,1987,American Ninja 2 / American Ninja 3: Double Feature
,1999,Secret KGB UFO Files
,2004,Pride Fighting Championships: Final Conflict 2004
,2002,Clifford: Look Out
,1974,Clockmaker
,2000,Neil Young: Red Rocks Live
,1995,Dragon Ball: Piccolo Jr. Saga: Part 2
,1944,Charlie Chan: Meeting at Midnight
,2002,Snoop Dogg's Hustlaz: Diary of a Pimp
,2002,Tully
,2003,Seabiscuit: American Experience
,1993,Diary of Jack the Ripper
,2003,Stevie
,1977,The Incredible Hulk: Original TV Series: Pilot / Married
,2002,Farscape: Season 4
,2003,Red Shoe Diaries: Some Things Never Change
,1995,Heat: Special Edition
,1994,Martial Arts Master Wong Fei Hung
,1990,Elvis Presley: Great Performances: Vol. 2: The Man and the Music
,2004,Yeah Yeah Yeahs: Tell Me What Rockers to Swallow
,1980,Soap: Season 4
,1997,Pink Panther Cartoon Collection: Jet Pink
,2000,Mixing Nia
,2004,Sexmission
,2001,The Go-Go's: Live in Central Park
,1976,After School Specials: 1976-1977
,2001,Todd McFarlane: The Devil You Know
,1998,A Great Day in Harlem / The Spitball Story
,1917,The Cook and Other Treasures
,2001,Musa the Warrior
,1998,The Legend of Zelda: Ganon's Evil Tower
,2003,WWE: Survivor Series 2003: A Fall from Grace
,1985,Transformers: Season 3: Part 2/Season 4
,1999,Felicity: Season 2
,2004,Matchbox Twenty: Show
,2001,Stargate SG-1: Season 5
,1973,It's Alive
,NULL,Ancient Civilizations: Land of the Pharaohs
,2003,MTV Pilates
,2005,Gallagher: The Smashing Watermelon Collection
,1984,Dune: Extended Edition
,1969,Dark Shadows: Vol. 15
,2001,The Mole: Season 1
,2000,Greeks: Crucible of Civilization
,2000,Women of the Night
,1995,Sharpe 7: Sharpe's Battle
,1985,"Brazil: The ""Love Conquers All"" Version"
,1990,Poirot: Peril at End House
,2002,The Career of Nikos Dyzma
,1991,The History Channel Presents: Winston Churchill
,1991,Full Bottom: Not Another Half-Arsed Release
,1993,Dario Argento's Trauma
,2004,UFC 46: Ultimate Fighting Championship: Super Natural
,1998,Midsomer Murders: Death of a Hollow Man
,2004,Kitchen Stories
,2004,Simpsons Gone Wild
,1985,Butthole Surfers: Blind Eye See All: Live 1985
,1942,Bambi: Platinum Edition
,1963,Combat! Season 2: Mission 2
,1943,Val Lewton: The Leopard Man / The Ghost Ship
,1961,Nikki: Wild Dog of the North
,2002,Let's Dance Salsa: Beginning Lessons 1
,2004,Cartoon Network Christmas: Yuletide Follies
,1997,Slayers Try DVD Collection
,1982,Tron: Bonus Material
,1995,Megaman: Battle for the Future
,2002,Sorcerers and Wizards: Real Magic
,1995,Danielle Steel's Vanished
